,Links,Price,version,borough,referencing_link,add_info,date_scraped,keyFeatures,virtualTours,industryAffiliations,rooms,nearestAirports,nearestStations,showSchoolInfo,countryGuide,channel,sizings,epcGraphs,bedrooms,bathrooms,transactionType,tags,feesApply,lettings,infoReelItems,soldPropertyType,auctionProvider,propertySubType,businessForSale,commercial,commercialUseClasses,affordableBuyingScheme,version_model,date_scraped_model,status.published,status.archived,text.description,text.propertyPhrase,text.shareText,text.shareDescription,text.pageTitle,text.shortDescription,prices.primaryPrice,prices.secondaryPrice,prices.displayPriceQualifier,prices.pricePerSqFt,prices.message,prices.exchangeRate,address.displayAddress,address.countryCode,address.deliveryPointId,address.ukCountry,address.outcode,address.incode,location.latitude,location.longitude,location.circleRadiusOnMap,location.zoomLevel,location.pinType,location.showMap,propertyUrls.similarPropertiesUrl,propertyUrls.nearbySoldPropertiesUrl,misInfo.branchId,misInfo.offerAdvertStampTypeId,misInfo.premiumDisplay,misInfo.premiumDisplayStampId,misInfo.brandPlus,misInfo.featuredProperty,listingHistory.listingUpdateReason,broadband.broadbandCheckerUrl,contactInfo.contactMethod,contactInfo.telephoneNumbers.localNumber,contactInfo.telephoneNumbers.internationalNumber,contactInfo.telephoneNumbers.disclaimerText,contactInfo.telephoneNumbers.disclaimerTitle,contactInfo.telephoneNumbers.disclaimerDescription,tenure.tenureType,tenure.yearsRemainingOnLease,tenure.message,sharedOwnership.sharedOwnership,sharedOwnership.ownershipPercentage,sharedOwnership.rentPrice,sharedOwnership.rentFrequency,livingCosts.councilTaxExempt,livingCosts.councilTaxIncluded,livingCosts.annualGroundRent,livingCosts.groundRentReviewPeriodInYears,livingCosts.groundRentPercentageIncrease,livingCosts.annualServiceCharge,livingCosts.councilTaxBand,livingCosts.domesticRates,version_meta,date_scraped_meta,analyticsBranch.agentType,analyticsBranch.branchId,analyticsBranch.branchName,analyticsBranch.branchPostcode,analyticsBranch.brandName,analyticsBranch.companyName,analyticsBranch.companyTradingName,analyticsBranch.companyType,analyticsBranch.displayAddress,analyticsBranch.pageType,analyticsProperty.added,analyticsProperty.auctionOnly,analyticsProperty.beds,analyticsProperty.businessForSale,analyticsProperty.country,analyticsProperty.currency,analyticsProperty.floorplanCount,analyticsProperty.furnishedType,analyticsProperty.hasOnlineViewing,analyticsProperty.imageCount,analyticsProperty.latitude,analyticsProperty.longitude,analyticsProperty.letAgreed,analyticsProperty.lettingType,analyticsProperty.maxSizeAc,analyticsProperty.maxSizeFt,analyticsProperty.minSizeAc,analyticsProperty.minSizeFt,analyticsProperty.ownership,analyticsProperty.postcode,analyticsProperty.preOwned,analyticsProperty.price,analyticsProperty.priceQualifier,analyticsProperty.propertyId,analyticsProperty.propertySubType,analyticsProperty.propertyType,analyticsProperty.retirement,analyticsProperty.selectedCurrency,analyticsProperty.selectedPrice,analyticsProperty.soldSTC,analyticsProperty.videoProvider,analyticsProperty.viewType,analyticsProperty.customUri,Unnamed: 46,version_listing,link,Station_Prox,type,bedrooms_listing,bathrooms_listing,size,other_key_info,station_info,hold_type,short_description,date_scraped_listing
14520525,https://www.rightmove.co.uk/properties/14520525#/?channel=RES_BUY,550000.0,v0021_300622,"('Westminster', '5E93980')",https://www.rightmove.co.uk/property-for-sale/find.html?locationIdentifier=REGION%5E93980&maxPrice=600000&minPrice=550000&sortType=1&propertyTypes=bungalow%2Cdetached%2Cflat%2Csemi-detached%2Cterraced&includeSSTC=true&mustHave=&dontShow=retirement&furnishTypes=&keywords=,"Added on 24/05/2022 by Arlington Estates, London",2022-07-06 19:13:02,"['Maisonette', 'Private Balcony', 'Spacious / Lots of Storage', '3 DoubleBedrooms', 'Separate Kitchen', 'Great Investment Potential', 'Secure EntrySystem', 'Central Location', 'Leasehold', 'Viewing Essential']",[],"[{'name': 'Property Redress Scheme', 'imagePath': 'https://media.rightmove.co.uk/dir/customer/industry-affiliation/property-redress-scheme_max_135x100.png'}]",[],[],"[{'name': ""Queen's Park Station"", 'types': ['LONDON_UNDERGROUND', 'LONDON_OVERGROUND'], 'distance': 0.2743155878654485, 'unit': 'miles'}, {'name': 'Kensal Rise Station', 'types': ['LONDON_OVERGROUND'], 'distance': 0.6558692483303308, 'unit': 'miles'}, {'name': 'Kilburn Park Station', 'types': ['LONDON_UNDERGROUND'], 'distance': 0.6637986690574702, 'unit': 'miles'}]",True,,RES_BUY,[],"[{'url': 'https://media.rightmove.co.uk/18k/17067/14520525/17067_S7_EPC_00_0001.pdf', 'caption': 'EPC 1'}]",3.0,1.0,BUY,[],,,"[{'title': 'PROPERTY TYPE', 'type': 'PROPERTY_TYPE', 'primaryText': 'Maisonette', 'secondaryText': '', 'tooltipText': ''}, {'title': 'BEDROOMS', 'type': 'BEDROOMS', 'primaryText': '×3', 'secondaryText': '', 'tooltipText': ''}, {'title': 'BATHROOMS', 'type': 'BATHROOMS', 'primaryText': '×1', 'secondaryText': '', 'tooltipText': ''}]",UNKNOWN,,Maisonette,False,False,[],,v0021_300622,2022-07-06 15:05:20,True,False,"Arlington Estates are pleased to offer this spacious three bedroom, split-level flat offering generous living space throughout, found in good location,close to a varied selection of local amenities. Presented to a neutralstandard, the property comprises well proportioned reception room with diningarea, separate kitchen, three sizable bedrooms, study/guest room, bathroom anda balcony. Located in a Central Location. ;;; ;;;Third Avenue is a residentialarea found close to the amenities of West Kilburn, with Maida Vale/Queen'sPark both within easy reach. ;;; ;;;Local transport links include Queen's ParkStation (British Rail and Bakerloo lines), offering regular services into andout of Central London and the West End. ;;; ;;;Tenure: Leasehold ;;;Lease:125years approx ;;;Ground rent: (included in the service charge) TBC ;;;Servicecharge: £1350.00 approx ;;;Local authority: The City of Westminster ;;;TotalInternal Floor Area: Approx 885 Sq Ft / 85 Sq M ;;; ;;;Bedrooms: 3;;;Bathroom: 1 ;;;Separate Kitchen ;;;Balcony ;;;Study/Guest Room ;;;LargeStorage Room ;;; ;;; ;;;Future appreciation of the price is also likely tohappen as the area is regenerated. ;;; ;;;Please Note: Flat is currentlytenanted so we require at least 24 Hours Notice prior to any viewings. ;;; ;;;;;;** Misrepresentation Act 1967 ** ;;;These particulars are believed to becorrect but their accuracy is not guaranteed nor do they form part of anycontract.",3 bedroom maisonette,Check out this 3 bedroom maisonette for sale on Rightmove,"3 bedroom maisonette for sale in Third Avenue,London,W10 for £550,000. Marketed by Arlington Estates, London","3 bedroom maisonette for sale in Third Avenue,London,W10",3 bedroom maisonette for sale,"£550,000",,,,,,"Third Avenue,London,W10",GB,96003913.0,England,W10,4JH,51.52995,-0.20702,0.0,15,APPROXIMATE_POINT,True,/property-for-sale/W10-4JH.html?radius=0.5&minPrice=475000&maxPrice=650000&minBedrooms=3,/house-prices/w10-4jh.html,17067,,False,,True,True,Added on 24/05/2022,https://partnerships-broadband.comparethemarket.com/v1/broadband/rightmove/W104JH?apikey=3510820f249a16dc7f7be264863e060675f661f9d3f021312eee96eb625cdfe3,EMAIL,020 8012 4126,,,,,LEASEHOLD,125.0,,False,,,not specified,False,False,,,,,,,v0021_300622,2022-07-06 15:05:28,ea_dual,17067,London,,Arlington Estates,Arlington Estates,Arlington Estates,iea,"4b Leroy House,
436 Essex Road,
London,
N1 3QP",Microsite,20100130,False,3,False,GB,GBP,0,Not Specified,False,12,51.52995,-0.20702,False,Long term,,,,,Non-shared ownership,W10 4JH,Resale,550000,None,14520525,Maisonette,Flats / Apartments,False,,,False,No Video,Current,https://www.rightmove.co.uk/property-for-sale/properties,,v0021_300622,https://www.rightmove.co.uk/properties/14520525,0.3,Maisonette,3.0,1.0,,,"[(0.3, ""Queen's Park Station"", 'svg-underground;svg-overground'), (0.7, 'Kensal Rise Station', 'svg-overground'), (0.7, 'Kilburn Park Station', 'svg-underground')]",,svg-camera=12;;Read more,2022-07-06 15:05:20
27953107,https://www.rightmove.co.uk/properties/27953107#/?channel=RES_BUY,400000.0,v0021_300622,"('Hillingdon', '5E93959')",https://www.rightmove.co.uk/property-for-sale/find.html?locationIdentifier=REGION%5E93959&maxPrice=600000&minPrice=400000&sortType=1&index=48&propertyTypes=bungalow%2Cdetached%2Cflat%2Csemi-detached%2Cterraced&includeSSTC=true&mustHave=&dontShow=retirement&furnishTypes=&keywords=,"Added on 16/06/2022 by Lawlors Estate Agents, Hayes",2022-08-14 10:33:29,"['TWO DOUBLE BEDROOMS', 'LOUNGE AREA', 'MODERN FITTED KITCHEN', 'IMMACULATEORDER', 'FAMILY BATHROOM', 'EN-SUITE MASTER BEDROOM', 'TOP FLOOR', 'GATEDDEVELOPMENT & ENTRY PHONE', 'ALLOCATED PARKING', 'BALCONY']",[],"[{'name': 'Association of Residential Letting Agents', 'imagePath': 'https://media.rightmove.co.uk/dir/customer/industry-affiliation/association-of-residential-lettings-agent_max_135x100.png'}, {'name': 'National Association of Estate Agents', 'imagePath': 'https://media.rightmove.co.uk/dir/customer/industry-affiliation/national-association-of-estate-agents_max_135x100.png'}]",[],[],"[{'name': 'Uxbridge Station', 'types': ['LONDON_UNDERGROUND'], 'distance': 0.3058453776759877, 'unit': 'miles'}, {'name': 'Hillingdon Station', 'types': ['LONDON_UNDERGROUND'], 'distance': 1.4446631715287062, 'unit': 'miles'}, {'name': 'Ickenham Station', 'types': ['LONDON_UNDERGROUND'], 'distance': 1.9490905242167147, 'unit': 'miles'}]",True,,RES_BUY,[],[],2.0,2.0,BUY,[],,,"[{'title': 'PROPERTY TYPE', 'type': 'PROPERTY_TYPE', 'primaryText': 'Apartment', 'secondaryText': '', 'tooltipText': ''}, {'title': 'BEDROOMS', 'type': 'BEDROOMS', 'primaryText': '×2', 'secondaryText': '', 'tooltipText': ''}, {'title': 'BATHROOMS', 'type': 'BATHROOMS', 'primaryText': '×2', 'secondaryText': '', 'tooltipText': ''}]",UNKNOWN,,Apartment,False,False,[],False,v0021_300622,2022-08-15 17:09:35,True,False,"Lawlors Estate Agents are proud to offer to the sales market this highlydesirable two bedroom two bathroom top floor apartment in a modern gateddevelopment situated only a very short walk away from Uxbridge Town Centrewith views overlooking Uxbridge and offering extremely convenient access to avast range of local amenities including excellent shopping facilities and awide array of transport and communication links including two local shoppingcenters/malls, Uxbridge Underground tube station and the M40, M4 and M25motorways. The property also offers a long lease with additional benefitsincluding a private allocated parking space, video security entry phone systemand outdoor balcony area. ;;; ;;;Entrance Hall ;;;Ceiling spot light fittings,telephone, power and internet points, airing cupboard house gas combinationboiler, CO detector, large storage larder complete with shelving, thermostat,under-floor heating, laminated wooden flooring, doors to ;;; ;;;OPEN PLANLOUNGE KITCHEN ;;; ;;;LOUNGE ;;;UPVC Double glazed doors to the side aspectcomplete with slated blinds, recess ceiling spot light fittings, telephone,sky, T.V and power points, glass shelving, under-floor heating, laminatedwooden flooring ;;; ;;;KITCHEN ;;;Range of eye and base level units completewith rolled edge work surfaces with 1 1/2 stainless steel sink drainer unitcomplete with mixer taps and sink disposal unit, integrated electric hopcomplete with matching oven and grill unit and extractor fan fitting,integrated washing machine, integrated dishwasher, space for large FridgeFreezer, recess ceiling spot light fittings, thermostat, shelving, powerpoints, under-floor heating, laminated wooden flooring ;;; ;;;BEDROOM ONE;;;Double Glazed doors to the side aspect, ceiling light fitting, power andT.V points, integrated wardrobe unit complete with hanging rail and shelving,thermostat carpet flooring, under-floor heating, door to ;;; ;;;EN-SUITESHOWER ROOM ;;;Matching three piece shower suite comprising glass paneledshower cubicle with wall integrated shower unit and tiled surround, pedestalhand wash basin complete with mixer taps and tiled splash-back and wallmounted mirror complete with vanity light and shaver point and Low level W.C,recess ceiling spot light fittings, vanity shelf, heated towel rail, extractorfan fitting, part tiled walls and fully tiled flooring ;;; ;;;BEDROOM TWO;;;Double Glazed doors to the side aspect, ceiling light fitting, powerpoints, fitted floor to ceiling wardrobe units complete with drawer units,thermostat, carpet flooring, under-floor heating, door to ;;; ;;;FAMILYBATHROOM ;;;Matching three piece white bathroom suite comprising paneled bathcomplete with mixer taps and shower connection, pedestal hand wash basincomplete with mixer taps and tiled splash back with wall mounted mirror andvanity light complete with shaver point and Low level W.C, recess ceiling spotlight fittings, vanity shelf, heated towel rail, extractor fan, part tiledwalls and fully tiled flooring ;;; ;;;EXTERNAL ;;;Gated development withaccess via security video entry phone system, allocated parking ;;; ;;;Leasein excess of 250 years",2 bedroom apartment,Check out this 2 bedroom apartment for sale on Rightmove,"2 bedroom apartment for sale in High Street,Uxbridge,UB8 1JL, UB8 for £400,000. Marketed by Lawlors Estate Agents, Hayes","2 bedroom apartment for sale in High Street,Uxbridge,UB8 1JL, UB8",2 bedroom apartment for sale,"£400,000",,Offers in Excess of,,,,"High Street,Uxbridge,UB8 1JL",GB,92317927,England,UB8,1JL,51.54939,-0.4826,0.0,15,APPROXIMATE_POINT,True,/property-for-sale/UB8-1JL.html?radius=0.5&minPrice=350000&maxPrice=450000&minBedrooms=2,/house-prices/ub8-1jl.html,19332,,False,,True,False,Added on 16/06/2022,https://partnerships-broadband.comparethemarket.com/v1/broadband/rightmove/UB81JL?apikey=e0fbe5d40b0fcd45ab79991055d33347eed0888dd2b95d2e2abccc65a9489c30,EMAIL,020 8561 7816,,,,,LEASEHOLD,250.0,,False,,,not specified,False,False,,,,,,,v0021_300622,2022-08-14 11:29:23,ea_dual,19332,Hayes,,Lawlors Estate Agents,Lawlors Estate Agents,Lawlors Estate Agents,iea,"Barclay House, 394 Uxbridge Road, Hayes, Middlesex, UB4 0SE",Standard,20100928,False,2,False,GB,GBP,0,Not Specified,False,11,51.54939,-0.4826,False,Long term,,,,,Non-shared ownership,UB8 1JL,Resale,400000,Offers in Excess of,27953107,Apartment,Flats / Apartments,False,,,False,No Video,Current,https://www.rightmove.co.uk/property-for-sale/properties,,v0021_300622,https://www.rightmove.co.uk/properties/27953107,0.3,Apartment,2.0,2.0,,,"[(0.3, 'Uxbridge Station', 'svg-underground'), (1.4, 'Hillingdon Station', 'svg-underground'), (1.9, 'Ickenham Station', 'svg-underground')]",,svg-camera=11;;Read more,2022-08-14 11:29:11
33593487,https://www.rightmove.co.uk/properties/33593487#/?channel=RES_BUY,579950.0,v0021_300622,"('Richmond upon Thames', '5E61415')",https://www.rightmove.co.uk/property-for-sale/find.html?locationIdentifier=REGION%5E61415&maxPrice=600000&minPrice=425000&sortType=1&index=216&propertyTypes=bungalow%2Cdetached%2Cflat%2Csemi-detached%2Cterraced&includeSSTC=true&mustHave=&dontShow=retirement&furnishTypes=&keywords=,"Added on 11/07/2022 by Websters Estate Agents, Twickenham",2022-07-16 13:58:28,"['Mid Terrace Victorian Home', '2 Double Bedrooms', 'West Facing Garden','Open Plan Lounge/Dining Room', 'Modern Kitchen and Utility Area', 'TwickenhamGreen Location', 'No Onward Chain', '0.5 Miles from Twickenham Station']",[],[],[],[],"[{'name': 'Twickenham Station', 'types': ['NATIONAL_TRAIN'], 'distance': 0.43804471450121624, 'unit': 'miles'}, {'name': 'Strawberry Hill Station', 'types': ['NATIONAL_TRAIN'], 'distance': 0.5781062270095528, 'unit': 'miles'}, {'name': 'Whitton Station', 'types': ['NATIONAL_TRAIN'], 'distance': 0.8380807748599486, 'unit': 'miles'}]",True,,RES_BUY,[],"[{'url': 'https://media.rightmove.co.uk/97k/96821/33593487/96821_2195385_EPCGRAPH_00_0000.jpeg', 'caption': 'EPC Graph'}]",2.0,1.0,BUY,[],,,"[{'title': 'PROPERTY TYPE', 'type': 'PROPERTY_TYPE', 'primaryText': 'Terraced', 'secondaryText': '', 'tooltipText': ''}, {'title': 'BEDROOMS', 'type': 'BEDROOMS', 'primaryText': '×2', 'secondaryText': '', 'tooltipText': ''}, {'title': 'BATHROOMS', 'type': 'BATHROOMS', 'primaryText': '×1', 'secondaryText': '', 'tooltipText': ''}]",TERRACED,,Terraced,False,False,[],False,v0021_300622,2022-07-16 10:03:29,True,False,"Mid Terrace 2 bedroom Victorian family home with a west facing garden in apopular residential location just 0.3 miles from Twickenham Green, localshops, cafes and restaurants and 0.5 miles from Twickenham town centre andmainline train station.;;;;;;With no onward chain and tastefully presented tooffer 708 sq ft of well balanced living space over 2 floors with modernfixtures, fittings and floorings, double glazed windows and doors and neutraldecor throughout.;;;;;;Front door opens into the living/dining room with woodflooring and feature fireplaces and access to the fitted kitchen and familybathroom at the rear. Double doors in the kitchen open onto the garden with apatio, lawn and shed storage. On the first floor are 2 double bedrooms, builtin storage and hatch access to loft storage.;;;;;;Located 0.4 miles fromArchdeacon and St Richard Reynolds School and less than 0.7 miles fromTrafalgar Primary, Strawberry Hill train station and Kneller Gardens with abike and walking track along the River Crane to Crane Park andTwickenham.;;;EPC Rating",2 bedroom terraced house,Check out this 2 bedroom terraced house for sale on Rightmove,"2 bedroom terraced house for sale in Marsh Farm Road, Twickenham, TW2 for £579,950. Marketed by Websters Estate Agents, Twickenham","2 bedroom terraced house for sale in Marsh Farm Road, Twickenham, TW2",2 bedroom terraced house for sale,"£579,950",,Offers in Excess of,,,,"Marsh Farm Road, Twickenham",GB,97340836,England,TW2,6SH,51.44718,-0.33877,0.0,15,APPROXIMATE_POINT,True,/property-for-sale/TW2-6SH.html?radius=0.5&minPrice=500000&maxPrice=650000&minBedrooms=2,/house-prices/tw2-6sh.html,96821,,True,22,True,True,Added on 11/07/2022,https://partnerships-broadband.comparethemarket.com/v1/broadband/rightmove/TW26SH?apikey=c97599c9d91ccccb3df84d3ad7a9df9b3207698ba2bf784ae78509149aeb6db9,EMAIL,020 8012 3208,,,,,FREEHOLD,0.0,,False,0.0,0.0,not specified,False,False,0.0,,,0.0,,,v0021_300622,2022-07-16 10:04:11,ea_dual,96821,Twickenham,,Websters Estate Agents,Websters Estate Agents,Websters Estate Agents,iea,"164 Heath Road,
Twickenham,
TW1 4BN",Microsite,20150210,False,2,False,GB,GBP,1,Not Specified,False,9,51.44718,-0.33877,False,Long term,,,,,Non-shared ownership,TW2 6SH,Resale,579950,Offers in Excess of,33593487,Terraced,Houses,False,,,False,No Video,Current,https://www.rightmove.co.uk/property-for-sale/properties,,v0021_300622,https://www.rightmove.co.uk/properties/33593487,0.4,Terraced,2.0,1.0,,,"[(0.4, 'Twickenham Station', 'svg-nationalrail'), (0.6, 'Strawberry Hill Station', 'svg-nationalrail'), (0.8, 'Whitton Station', 'svg-nationalrail')]",,svg-camera=9;;svg-floorplan=1;;Read more,2022-07-16 10:03:28
35271294,https://www.rightmove.co.uk/properties/35271294#/?channel=RES_BUY,370000.0,v0021_300622,"('Lambeth', '5E93971')",https://www.rightmove.co.uk/property-for-sale/find.html?locationIdentifier=REGION%5E93971&maxPrice=600000&minPrice=325000&sortType=1&index=360&propertyTypes=bungalow%2Cdetached%2Cflat%2Csemi-detached%2Cterraced&includeSSTC=true&mustHave=&dontShow=retirement&furnishTypes=&keywords=,"Added on 14/06/2021 by Griffin Property Co., Westcliff-on-Sea",2022-07-10 18:02:16,"['2 bedroom second floor flat', 'Great location', 'Fully fitted kitchen', '2double bedrooms', 'Double glazing', 'Communal grounds', 'Balcony']",[],[],"[{'name': 'Hall', 'description': 'Wood framed front door. Hardwood flooring, various power points and storage cupboard.', 'width': None, 'length': None, 'unit': None, 'dimension': None}, {'name': 'Living Room', 'description': 'Accessed from the hall. Spacious reception room with hardwood flooring, double glazed windows, central heating radiator and various power points.', 'width': 5.2, 'length': 3.83, 'unit': 'm', 'dimension': None}, {'name': 'Kitchen', 'description': 'Accessed from the hall. Kitchen with extensive range of matching wall and base units and fitted sink, hob, oven and extractor hood. Hardwood flooring, double glazed window and various power points. There is plenty of worktop space for all other necessary appliances.', 'width': 3.13, 'length': 2.51, 'unit': 'm', 'dimension': None}, {'name': 'Bedroom 1', 'description': 'Accessed from the hall. Good sized double bedroom to the rear of the property with hardwood flooring, double glazed window, central heating radiator and various power points.', 'width': 4.01, 'length': 3.04, 'unit': 'm', 'dimension': None}, {'name': 'Bedroom 2 ', 'description': 'Accessed from the hall. Good sized double bedroom to the rear of the property with hardwood flooring, double glazed window, central heating radiator, various power points and fitted storage cupboard.', 'width': 3.03, 'length': 3.13, 'unit': 'm', 'dimension': None}, {'name': 'Balcony', 'description': 'Accessed from the living room to the rear of the property.', 'width': 1.13, 'length': 6.27, 'unit': 'm', 'dimension': None}]",[],"[{'name': 'Clapham South Station', 'types': ['LONDON_UNDERGROUND'], 'distance': 0.399306728131126, 'unit': 'miles'}, {'name': 'Balham Station', 'types': ['NATIONAL_TRAIN', 'LONDON_UNDERGROUND'], 'distance': 0.7040483142029024, 'unit': 'miles'}, {'name': 'Clapham Common Station', 'types': ['LONDON_UNDERGROUND'], 'distance': 0.8428755926337042, 'unit': 'miles'}]",True,,RES_BUY,[],[],2.0,1.0,BUY,[],,,"[{'title': 'PROPERTY TYPE', 'type': 'PROPERTY_TYPE', 'primaryText': 'Flat', 'secondaryText': '', 'tooltipText': ''}, {'title': 'BEDROOMS', 'type': 'BEDROOMS', 'primaryText': '×2', 'secondaryText': '', 'tooltipText': ''}, {'title': 'BATHROOMS', 'type': 'BATHROOMS', 'primaryText': '×1', 'secondaryText': '', 'tooltipText': ''}]",FLAT,,Flat,False,False,[],False,v0021_300622,2022-07-14 14:17:08,True,False,"**PROPERTY TO BE SOLD WITH TENANTS IN PLACE** ;;; ;;;Griffin Residential aredelighted to offer to the market this 2 bedroom second floor flat in a greatlocation. Currently rental income £1500 pcm. All the local amenities neededare a short walk away as well as the nearest train station (Clapham SouthStation). ;;; ;;;The accommodation comprises of an entrance hall with accessto a storage cupboard. To the front of the property is the contemporarybathroom and separate WC as well as the fully fitted kitchen. To the rear ofthe property are 2 good sized double bedrooms as well as the large living areawith access to the balcony. This property also benefits from double glazingthroughout. Externally, there is communal grounds to the rear of the property.;;; ;;;With quality accommodation including a balcony, this property offers inour opinion a perfect investment opportunity. ;;; ;;;95 years remaining on thelease. £1050.48 per annum service charge incl ground rent.",2 bedroom flat,Check out this 2 bedroom flat for sale on Rightmove,"2 bedroom flat for sale in Poynders Gardens, SW4 for £370,000. Marketed by Griffin Property Co., Westcliff-on-Sea","2 bedroom flat for sale in Poynders Gardens, SW4",2 bedroom flat for sale,"£370,000",,Offers in Region of,,,,"Poynders Gardens, SW4",GB,74436496,England,SW4,8PQ,51.449568,-0.140154,0.0,15,ACCURATE_POINT,True,/property-for-sale/SW4-8PQ.html?radius=0.5&minPrice=325000&maxPrice=425000&minBedrooms=2,/house-prices/sw4-8pq.html,85856,,False,,True,False,Added on 14/06/2021,https://partnerships-broadband.comparethemarket.com/v1/broadband/rightmove/SW48PQ?apikey=8f3045d7f372698f7502b6e607a4c1ca65333d2c1c11e0ef4789eb7099515935,EMAIL,01702 744157,,,,,LEASEHOLD,,,False,,,not specified,False,False,,,,,,,v0021_300622,2022-07-14 14:17:22,ea_sales,85856,Westcliff-on-Sea,,Griffin Property Co.,Griffin Franchise Ltd,,iea,"122 Hamlet Court Road,
Westcliff-On-Sea,
SS0 7LP 
",Standard,20150701,False,2,False,GB,GBP,1,Not Specified,False,10,51.449568,-0.140154,False,Long term,,,,,Non-shared ownership,SW4 8PQ,Resale,370000,Offers in Region of,35271294,Flat,Flats / Apartments,False,,,False,No Video,Current,https://www.rightmove.co.uk/property-for-sale/properties,,v0021_300622,https://www.rightmove.co.uk/properties/35271294,0.4,Flat,2.0,1.0,,,"[(0.4, 'Clapham South Station', 'svg-underground'), (0.7, 'Balham Station', 'svg-nationalrail;svg-underground'), (0.8, 'Clapham Common Station', 'svg-underground')]",,svg-camera=10;;svg-floorplan=1;;Read more,2022-07-14 14:17:08
35429088,https://www.rightmove.co.uk/properties/35429088#/?channel=RES_BUY,599950.0,v0021_300622,"('Haringey', '5E61227')",https://www.rightmove.co.uk/property-for-sale/find.html?locationIdentifier=REGION%5E61227&maxPrice=600000&minPrice=550000&sortType=1&index=216&propertyTypes=bungalow%2Cdetached%2Cflat%2Csemi-detached%2Cterraced&includeSSTC=true&mustHave=&dontShow=retirement&furnishTypes=&keywords=,"Added on 14/07/2015 by Kinleigh Folkard & Hayward - Sales, Highgate",2022-08-16 16:23:41,[],[],"[{'name': 'Ombudsman for REsale Estate Agents (no OFT logo)', 'imagePath': 'https://media.rightmove.co.uk/dir/customer/industry-affiliation/ombudsman-for-resale-estate-agent_max_135x100.png'}]",[],[],"[{'name': 'Highgate Station', 'types': ['LONDON_UNDERGROUND'], 'distance': 0.23818650207501607, 'unit': 'miles'}, {'name': 'Archway Station', 'types': ['LONDON_UNDERGROUND'], 'distance': 0.8391258367998091, 'unit': 'miles'}, {'name': 'Upper Holloway Station', 'types': ['LONDON_OVERGROUND'], 'distance': 1.0546525180065647, 'unit': 'miles'}]",True,,RES_BUY,[],[],2.0,1.0,BUY,[],,,"[{'title': 'PROPERTY TYPE', 'type': 'PROPERTY_TYPE', 'primaryText': 'Flat', 'secondaryText': '', 'tooltipText': ''}, {'title': 'BEDROOMS', 'type': 'BEDROOMS', 'primaryText': '×2', 'secondaryText': '', 'tooltipText': ''}, {'title': 'BATHROOMS', 'type': 'BATHROOMS', 'primaryText': '×1', 'secondaryText': '', 'tooltipText': ''}]",FLAT,,Flat,False,False,[],,v0021_300622,2022-08-18 15:01:59,True,False,A delightful two bedroom flat situated within this impressive period buildingmoments from Highgate tube station offering spacious accommodation good decor& plenty of natural light. Shepherds Hill is located close to Highgateunderground station between Crouch End and Highgate Village providingexcellent access to the open spaces of Queen's Wood and Hampstead Heath.,2 bedroom flat,Check out this 2 bedroom flat for sale on Rightmove,"2 bedroom flat for sale in Shepherds Hill, Highgate, N6 for £599,950. Marketed by Kinleigh Folkard & Hayward - Sales, Highgate","2 bedroom flat for sale in Shepherds Hill, Highgate, N6",2 bedroom flat for sale,"£599,950",,,,,,"Shepherds Hill, Highgate",GB,,England,N6,5AQ,51.57703,-0.14123,0.0,15,APPROXIMATE_POINT,True,/property-for-sale/N6-5AQ.html?radius=0.5&minPrice=500000&maxPrice=700000&minBedrooms=2,/house-prices/n6-5aq.html,55483,,False,,True,False,Added on 14/07/2015,https://partnerships-broadband.comparethemarket.com/v1/broadband/rightmove/N65AQ?apikey=d7ac2d0f9facb5d434174ab659118dd54dc72eb1f4b60447a1f60cbbb479c6fd,EMAIL,020 8012 2754,,,,,,,Please confirm if this is a freehold or leasehold property with Kinleigh Folkard & Hayward - Sales,False,,,,False,False,,,,,,,v0021_300622,2022-08-18 15:01:59,ea_sales,55483,Highgate,,Kinleigh Folkard & Hayward - Sales,Kinleigh Folkard & Hayward,Kinleigh Folkard & Hayward,corporate,"58 Highgate High Street,
London,
N6 5HX",Microsite,20150714,False,2,False,GB,GBP,0,Not Specified,False,0,51.57703,-0.14123,False,Long term,,,,,Non-shared ownership,N6 5AQ,Resale,599950,None,35429088,Flat,Flats / Apartments,False,,,False,No Video,Current,https://www.rightmove.co.uk/property-for-sale/properties,,v0021_300622,https://www.rightmove.co.uk/properties/35429088,0.2,Flat,2.0,1.0,,,"[(0.2, 'Highgate Station', 'svg-underground'), (0.8, 'Archway Station', 'svg-underground'), (1.1, 'Upper Holloway Station', 'svg-overground')]",,Read more,2022-08-18 15:01:59
44749111,https://www.rightmove.co.uk/properties/44749111#/?channel=RES_BUY,475000.0,v0021_300622,"('Sutton', '5E93974')",https://www.rightmove.co.uk/property-for-sale/find.html?locationIdentifier=REGION%5E93974&maxPrice=600000&minPrice=475000&sortType=1&index=24&propertyTypes=bungalow%2Cdetached%2Cflat%2Csemi-detached%2Cterraced&includeSSTC=true&mustHave=&dontShow=retirement&furnishTypes=&keywords=,"Added on 11/10/2021 by Connor Prince, Worcester Park",2022-08-18 21:54:18,"['ENTRANCE HALLWAY', 'TWO RECEPTION AREAS', 'FITTED KITCHEN', 'BUILT INAPPLIANCES', ""14'10 X 10'3 CONSERVATORY"", 'DOUBLE GLAZING/ GAS CENTRALHEATING', 'WHITE BATHROOM SUITE WITH SEPARATE SHOWER CUBICLE', 'LOFT ROOM',""40' REAR GARDEN""]",[],"[{'name': 'Association of Residential Letting Agents', 'imagePath': 'https://media.rightmove.co.uk/dir/customer/industry-affiliation/association-of-residential-lettings-agent_max_135x100.png'}, {'name': 'National Association of Estate Agents', 'imagePath': 'https://media.rightmove.co.uk/dir/customer/industry-affiliation/national-association-of-estate-agents_max_135x100.png'}, {'name': 'Ombudsman for REsale Estate Agents (no OFT logo)', 'imagePath': 'https://media.rightmove.co.uk/dir/customer/industry-affiliation/ombudsman-for-resale-estate-agent_max_135x100.png'}]",[],[],"[{'name': 'West Sutton Station', 'types': ['NATIONAL_TRAIN'], 'distance': 0.41055043849542233, 'unit': 'miles'}, {'name': 'Sutton Common Station', 'types': ['NATIONAL_TRAIN'], 'distance': 0.7730322382662194, 'unit': 'miles'}, {'name': 'Cheam Station', 'types': ['NATIONAL_TRAIN'], 'distance': 0.9791428298760778, 'unit': 'miles'}]",True,,RES_BUY,[],[],2.0,1.0,BUY,['SOLD_STC'],,,"[{'title': 'PROPERTY TYPE', 'type': 'PROPERTY_TYPE', 'primaryText': 'Detached Bungalow', 'secondaryText': '', 'tooltipText': ''}, {'title': 'BEDROOMS', 'type': 'BEDROOMS', 'primaryText': '×2', 'secondaryText': '', 'tooltipText': ''}, {'title': 'BATHROOMS', 'type': 'BATHROOMS', 'primaryText': '×1', 'secondaryText': '', 'tooltipText': ''}]",UNKNOWN,,Detached Bungalow,False,False,[],,v0021_300622,2022-07-05 10:27:30,True,False,"Double glazed front door to:- ;;; ;;;ENTRANCE HALLWAY ;;;Radiator withdecorative cover. ;;; ;;;LOUNGE AREA ;;;11' X 10'3 ;;;Wood laminate flooring,radiator with decorative cover, T.V. point, telephone point, open plan to:-;;; ;;;DINING ROOM AREA ;;;11'4 X 6'10 ;;;Wood laminate flooring, radiatorwith decorative cover, double glazed window, doorway to kitchen, open planthrough to:- ;;; ;;;CONSERVATORY ;;;14'10 X 10'3 ;;;Wood laminate flooring,double radiator, double glazed windows and doors onto rear garden. ;;;;;;FITTED KITCHEN ;;;11'1 X 8' ;;;Fitted with a range of high and low levelcupboards and drawers, roll work top surfaces, inset one and a half bowlsingle drainer sink unit with mixer tap, built in electric hob with electricoven below, integrated fridge/freezer and washing machine, part tiled walls,under unit lighting, tiled floor, spot light track, double radiator, cupboardhousing gas central heating boiler. ;;; ;;;BEDROOM ONE ;;;11' X 11' ;;;Intodouble glazed leaded light bay window, radiator with decorative cover, T.V.point, range of fitted wardrobes and additional walk in mirror fronted shelvedcupboard. ;;; ;;;BEDROOM TWO ;;;10'9 X 10'9 ;;;Into double glazed leaded lightbay window, fitted wardrobes, radiator with decorative cover, access to fullyboarded loft with light and pull down ladder. ;;; ;;;BATHROOM ;;;10'9 X 8'4;;;White suite comprising roll top bath with mixer tap and shower attachment,pedestal wash hand basin, low level W.C., separate tiled enclosed showercubicle, heated towel rail, tiled floor, part tiled walls, radiator, doubleglazed frosted window, extractor fan. ;;; ;;;FRONT GARDEN ;;;Being gravelledproviding off street parking. ;;; ;;;REAR GARDEN ;;;Extending to 40', lawnedand sandstone patio areas, timber garden shed, side access. ;;; ;;;NB As wewere unable to take new photos of this property, the photos shown are of whenthe current owners bought the bungalow in 2014.",2 bedroom detached bungalow,Check out this 2 bedroom detached bungalow for sale on Rightmove,"2 bedroom detached bungalow for sale in Abbotts Road,CheamSM3 for £475,000. Marketed by Connor Prince, Worcester Park","2 bedroom detached bungalow for sale in Abbotts Road,CheamSM3",2 bedroom detached bungalow for sale,"£475,000",,,,,,"Abbotts Road,CheamSM3",GB,83086474.0,England,SM3,9TA,51.37005,-0.21241,0.0,15,APPROXIMATE_POINT,True,/property-for-sale/SM3-9TA.html?radius=0.5&minPrice=425000&maxPrice=550000&minBedrooms=2,/house-prices/sm3-9ta.html,23486,,False,,True,False,Added on 11/10/2021,https://partnerships-broadband.comparethemarket.com/v1/broadband/rightmove/SM39TA?apikey=d32fa77156e7df8a72b1d0e079e791a25523cd6ec87aadabff18a6586c00db54,EMAIL,020 8012 4538,,,,,FREEHOLD,,,False,,,not specified,False,False,,,,,,,v0021_300622,2022-07-05 10:27:40,ea_dual,23486,Worcester Park,,Connor Prince,Connor Prince,,iea,"66 Central Road,
Worcester Park,
KT4 8HX",Standard,20140611,False,2,False,GB,GBP,0,Not Specified,False,9,51.37005,-0.21241,False,Long term,,,,,Non-shared ownership,SM3 9TA,Resale,475000,None,44749111,Detached Bungalow,Bungalows,False,,,True,No Video,Current,https://www.rightmove.co.uk/property-for-sale/properties,,v0021_300622,https://www.rightmove.co.uk/properties/44749111,0.4,Detached Bungalow,2.0,1.0,,,"[(0.4, 'West Sutton Station', 'svg-nationalrail'), (0.8, 'Sutton Common Station', 'svg-nationalrail'), (1.0, 'Cheam Station', 'svg-nationalrail')]",Tenure:  Freehold,SOLD STC;;svg-camera=9;;Read more,2022-07-05 10:27:30
45126814,https://www.rightmove.co.uk/properties/45126814#/?channel=RES_BUY,POA,v0021_300622,"('Newham', '5E61231')",https://www.rightmove.co.uk/property-for-sale/find.html?locationIdentifier=REGION%5E61231&maxPrice=600000&minPrice=200000&sortType=1&index=144&propertyTypes=bungalow%2Cdetached%2Cflat%2Csemi-detached%2Cterraced&includeSSTC=true&mustHave=&dontShow=retirement&furnishTypes=&keywords=,"Reduced on 16/09/2021 by Marvel & Co, Forest Gate",2022-08-15 19:55:06,"['2 bedroom flat', 'Grade II listed building', 'High Ceiling', 'Well located','Newly refurbished', 'Duke of fire public house', 'Beautiful finish']",[],"[{'name': 'Association of Residential Letting Agents', 'imagePath': 'https://media.rightmove.co.uk/dir/customer/industry-affiliation/association-of-residential-lettings-agent_max_135x100.png'}, {'name': 'National Association of Estate Agents', 'imagePath': 'https://media.rightmove.co.uk/dir/customer/industry-affiliation/national-association-of-estate-agents_max_135x100.png'}, {'name': 'Ombudsman for REsale Estate Agents (no OFT logo)', 'imagePath': 'https://media.rightmove.co.uk/dir/customer/industry-affiliation/ombudsman-for-resale-estate-agent_max_135x100.png'}]",[],[],"[{'name': 'Upton Park Station', 'types': ['LONDON_UNDERGROUND'], 'distance': 0.4743683932216359, 'unit': 'miles'}, {'name': 'Woodgrange Park Station', 'types': ['LONDON_OVERGROUND'], 'distance': 0.5864571034377951, 'unit': 'miles'}, {'name': 'East Ham Station', 'types': ['LONDON_UNDERGROUND'], 'distance': 0.6148469416370256, 'unit': 'miles'}]",True,,RES_BUY,[],[],2.0,,BUY,[],,,"[{'title': 'PROPERTY TYPE', 'type': 'PROPERTY_TYPE', 'primaryText': 'Flat', 'secondaryText': '', 'tooltipText': ''}, {'title': 'BEDROOMS', 'type': 'BEDROOMS', 'primaryText': '×2', 'secondaryText': '', 'tooltipText': ''}]",FLAT,,Flat,False,False,[],,v0021_300622,2022-07-14 17:00:28,True,False,"Marvel 71 are delighted to offer for sale this spacious two bed 1st floor flatpub conversion (The Duke of Fife Public House) located in Forest Gate. Theflat benefits from a kitchen lounge, two bedrooms, and a three piece bathroom.;;; ;;;This flat is only a walking distance from Upton Park and East Ham tubestations (District Line), and close local amenities. Tesco Express is alsonearby. Newly refurbished throughout ;;; ;;; ;;; ;;;Service charge is £1200per year ;;;Ground rent is £150 per year ;;;The property is currently rentedwith the tenants on a rolling contract and the rent being paid is £1200 permonth",2 bedroom flat,Check out this 2 bedroom flat for sale on Rightmove,"2 bedroom flat for sale in Katherine Road,London,E7 for POA. Marketed by Marvel & Co, Forest Gate","2 bedroom flat for sale in Katherine Road,London,E7",2 bedroom flat for sale,POA,,,,,,"Katherine Road,London,E7",GB,42952990,England,E7,8NW,51.54178,0.03789,0.0,15,APPROXIMATE_POINT,True,/property-for-sale/E7-8NW.html?radius=0.5&minPrice=240000&maxPrice=325000&minBedrooms=2,/house-prices/e7-8nw.html,35945,,False,,True,False,Reduced on 16/09/2021,https://partnerships-broadband.comparethemarket.com/v1/broadband/rightmove/E78NW?apikey=3e560148cb49a9b55ad7262ae5c77d1bec3c9c7bbbb0624f64166bc38cb689ac,EMAIL,020 8012 0422,,,,,LEASEHOLD,,,False,,,,False,False,,,,,,,v0021_300622,2022-07-14 17:00:41,ea_dual,35945,Forest Gate,,Marvel & Co,Marvel & Co,Marvel & Co,iea,"367 Katherine Road,
Forest Gate,
London,
E7 8LT",Standard,20140630,False,2,False,GB,GBP,0,Not Specified,False,7,51.54178,0.03789,False,Long term,,,,,Non-shared ownership,E7 8NW,Resale,275000,None,45126814,Flat,Flats / Apartments,False,,,False,No Video,Current,https://www.rightmove.co.uk/property-for-sale/properties,,v0021_300622,https://www.rightmove.co.uk/properties/45126814,0.5,Flat,2.0,,,,"[(0.5, 'Upton Park Station', 'svg-underground'), (0.6, 'Woodgrange Park Station', 'svg-overground'), (0.6, 'East Ham Station', 'svg-underground')]",,svg-camera=7;;Read more,2022-07-14 17:00:27
46204665,https://www.rightmove.co.uk/properties/46204665#/?channel=RES_BUY,435000.0,v0021_300622,"('Brent', '5E93935')",https://www.rightmove.co.uk/property-for-sale/find.html?locationIdentifier=REGION%5E93935&maxPrice=600000&minPrice=400000&sortType=1&index=168&propertyTypes=bungalow%2Cdetached%2Cflat%2Csemi-detached%2Cterraced&includeSSTC=true&mustHave=&dontShow=retirement&furnishTypes=&keywords=,"Reduced on 08/10/2018 by Warwick Estate Agents, London",2022-08-10 15:44:56,"['Three bedrooms', 'High ceilings in Reception room', 'Modern fitted kitchen','Family bathroom', 'En suite shower room', 'Half of rear garden', 'Gas centralheating', 'Timber style flooring']",[],"[{'name': 'Ombudsman for REsale Estate Agents (no OFT logo)', 'imagePath': 'https://media.rightmove.co.uk/dir/customer/industry-affiliation/ombudsman-for-resale-estate-agent_max_135x100.png'}]",[],[],"[{'name': 'Kilburn High Road Station', 'types': ['LONDON_OVERGROUND'], 'distance': 0.31477889385908875, 'unit': 'miles'}, {'name': 'Kilburn Park Station', 'types': ['LONDON_UNDERGROUND'], 'distance': 0.3506067318279149, 'unit': 'miles'}, {'name': 'Brondesbury Station', 'types': ['LONDON_OVERGROUND'], 'distance': 0.4367539372772923, 'unit': 'miles'}]",True,,RES_BUY,"[{'unit': 'ac', 'displayUnit': 'ac.', 'minimumSize': 0.01, 'maximumSize': 0.01}, {'unit': 'ha', 'displayUnit': 'ha.', 'minimumSize': 0.01, 'maximumSize': 0.01}, {'unit': 'sqm', 'displayUnit': 'sq. m.', 'minimumSize': 50, 'maximumSize': 50}, {'unit': 'sqft', 'displayUnit': 'sq. ft.', 'minimumSize': 540, 'maximumSize': 540}]","[{'url': 'https://media.rightmove.co.uk/3k/2979/46204665/2979_241A_EPCGRAPH_11_0000.jpg', 'caption': 'EPC 1'}]",3.0,2.0,BUY,[],,,"[{'title': 'PROPERTY TYPE', 'type': 'PROPERTY_TYPE', 'primaryText': 'Flat', 'secondaryText': '', 'tooltipText': ''}, {'title': 'BEDROOMS', 'type': 'BEDROOMS', 'primaryText': '×3', 'secondaryText': '', 'tooltipText': ''}, {'title': 'BATHROOMS', 'type': 'BATHROOMS', 'primaryText': '×2', 'secondaryText': '', 'tooltipText': ''}, {'title': 'SIZE', 'type': 'SIZE', 'primaryText': '540 sq. ft.', 'secondaryText': '(50 sq. m.)', 'tooltipText': ''}]",FLAT,,Flat,False,False,[],,v0021_300622,2022-08-11 19:01:35,True,False,"Rare opportunity to acquire a three bedroom apartment, on the first floor of aperiod style mid-terraced house, which has the additional and unusual benefitof direct access to a rear garden, with timber style flooring, high ceilings,and located only a short stroll of an abundance of amenities.;;;;;;Theproperty offers a compact accommodation of over 540sqft, comprising ofreception over looking garden, modern fitted eat in kitchen, family bathroomcombined W.C. and en suit shower room.;;;;;;Most conveniently situated inwalking distance of Queens/Kilburn Park (Bakerloo Line) tube, Kilburn HighRoad (Jubilee Line) Under/over ground train stations and numerous shoppingfacilities of the High Road.;;;;;; **Reception** \\- 13'7x9 - ;;;;;; **MasterBedroom** \\- 12'7x9 - ;;;;;; **Bedroom 2** \\- 10'5x9'6 - ;;;;;; **Bedroom3** \\- 10'10x6'3 - ;;;;;; **Kitchen** \\- 9'5x6'7 - ;;;;;; **FamilyBathroom** \\- ;;;;;; **En Suite Shower Room** \\- ;;;;;; **Rear Garden** \\-;;;;;;",3 bedroom flat,Check out this 3 bedroom flat for sale on Rightmove,"3 bedroom flat for sale in Charteris Road, Queens Park, London, NW6 for £435,000. Marketed by Warwick Estate Agents, London","3 bedroom flat for sale in Charteris Road, Queens Park, London, NW6",3 bedroom flat for sale,"£435,000",,Guide Price,£805.56 per sq. ft.,,,"Charteris Road, Queens Park, London",GB,,England,NW6,7ET,51.53907,-0.198935,0.0,15,ACCURATE_POINT,True,/property-for-sale/NW6-7ET.html?radius=0.5&minPrice=375000&maxPrice=500000&minBedrooms=3,/house-prices/nw6-7et.html,2979,,False,,True,False,Reduced on 08/10/2018,https://partnerships-broadband.comparethemarket.com/v1/broadband/rightmove/NW67ET?apikey=11373e3d88414f7028f169c7f867213600eb42776460540e4b569681d6c69a44,EMAIL,020 8012 2015,,,,,LEASEHOLD,,,False,,,,False,False,,,,,,,v0021_300622,2022-08-18 19:55:43,ea_dual,2979,London,,Warwick Estate Agents,Warwick Estate Agents,,iea,"69 Chamberlayne Road
London
NW10 3ND",Standard,20170105,False,3,False,GB,GBP,2,Not Specified,False,9,51.53907,-0.198935,False,Long term,0.012396694214876,540.0,0.012396694214876,540.0,Non-shared ownership,NW6 7ET,Resale,435000,Guide Price,46204665,Flat,Flats / Apartments,False,,,False,No Video,Current,https://www.rightmove.co.uk/property-for-sale/properties,,v0021_300622,https://www.rightmove.co.uk/properties/46204665,0.3,Flat,3.0,2.0,"540 sq. ft.;(50 sq. m.);TENURE;Leasehold;Describes how you own a property. There are different types of tenure - freehold, leasehold, and commonhold.;Read more;about ;tenure; in our glossary page.",,"[(0.3, 'Kilburn High Road Station', 'svg-overground'), (0.4, 'Kilburn Park Station', 'svg-underground'), (0.4, 'Brondesbury Station', 'svg-overground')]",,svg-camera=9;;svg-floorplan=2;;Read more,2022-08-11 19:01:35
49020666,https://www.rightmove.co.uk/properties/49020666#/?channel=RES_BUY,200000.0,v0021_300622,"('Ealing', '5E93947')",https://www.rightmove.co.uk/property-for-sale/find.html?locationIdentifier=REGION%5E93947&maxPrice=600000&minPrice=150000&sortType=1&index=24&propertyTypes=bungalow%2Cdetached%2Cflat%2Csemi-detached%2Cterraced&includeSSTC=true&mustHave=&dontShow=retirement&furnishTypes=&keywords=,"Added on 11/10/2021 by Brian Cox, Northolt",2022-07-30 23:32:00,"['Ground Floor', 'One Bedroom', 'New Lease on Completion', 'Good Condition','Residents Parking', 'Walking Distance to Northolt Station']",[],"[{'name': 'Property Redress Scheme', 'imagePath': 'https://media.rightmove.co.uk/dir/customer/industry-affiliation/property-redress-scheme_max_135x100.png'}]",[],[],"[{'name': 'Northolt Station', 'types': ['LONDON_UNDERGROUND'], 'distance': 0.8759114728821834, 'unit': 'miles'}, {'name': 'South Ruislip Station', 'types': ['NATIONAL_TRAIN', 'LONDON_UNDERGROUND'], 'distance': 1.3793334495509877, 'unit': 'miles'}, {'name': 'Greenford Station', 'types': ['NATIONAL_TRAIN', 'LONDON_UNDERGROUND'], 'distance': 1.4960827499819966, 'unit': 'miles'}]",True,,RES_BUY,[],"[{'url': 'https://media.rightmove.co.uk/51k/50889/49020666/50889_7948481_EPC_01_0000.jpg', 'caption': 'Energy Perform...'}]",1.0,1.0,BUY,['UNDER_OFFER'],,,"[{'title': 'PROPERTY TYPE', 'type': 'PROPERTY_TYPE', 'primaryText': 'Flat', 'secondaryText': '', 'tooltipText': ''}, {'title': 'BEDROOMS', 'type': 'BEDROOMS', 'primaryText': '×1', 'secondaryText': '', 'tooltipText': ''}, {'title': 'BATHROOMS', 'type': 'BATHROOMS', 'primaryText': '×1', 'secondaryText': '', 'tooltipText': ''}]",FLAT,,Flat,False,False,[],,v0021_220622,2022-06-23 15:38:04,True,False,"If you are looking to get your foot on the property ladder then this onebedroom ground floor flat could be your first step. The property will have abrand new lease on completion and is being sold chain free and ready to movein. Other benefits include double glazing, residents parking and walkingdistance to Northolt Station. Call now to avoid disappointment.",1 bedroom flat,Check out this 1 bedroom flat for sale on Rightmove,"1 bedroom flat for sale in Makepeace Road, Northolt, UB5 for £200,000. Marketed by Brian Cox, Northolt","1 bedroom flat for sale in Makepeace Road, Northolt, UB5",1 bedroom flat for sale,"£200,000",,,,,,"Makepeace Road, Northolt",GB,97719259.0,England,UB5,5UF,51.539959,-0.380863,0.0,15,ACCURATE_POINT,True,/property-for-sale/UB5-5UF.html?radius=0.5&minPrice=180000&maxPrice=220000&minBedrooms=1,/house-prices/ub5-5uf.html,50889,,False,,True,False,Added on 11/10/2021,https://partnerships-broadband.comparethemarket.com/v1/broadband/rightmove/UB55UF?apikey=411f2651a5b58f034df346c07410e5efcae836585e4ea271edc58b15ee0cb766,EMAIL,020 8012 4428,,,,,LEASEHOLD,,,False,,,not specified,False,False,,,,,,,v0021_220622,2022-06-23 15:38:04,ea_sales,50889,Northolt,,Brian Cox,Brian Cox,,iea,"171 - 175 Church Road,
Northolt,
UB5 5AG",Microsite,20170623,False,1,False,GB,GBP,1,Not Specified,False,6,51.539959,-0.380863,False,Long term,,,,,Non-shared ownership,UB5 5UF,Resale,200000,None,49020666,Flat,Flats / Apartments,False,,,False,No Video,Current,https://www.rightmove.co.uk/property-for-sale/properties,,v0021_220622,https://www.rightmove.co.uk/properties/49020666,0.9,Flat,1.0,1.0,,,"[(0.9, 'Northolt Station', 'svg-underground'), (1.4, 'South Ruislip Station', 'svg-nationalrail;svg-underground'), (1.5, 'Greenford Station', 'svg-nationalrail;svg-underground')]",,UNDER OFFER;;svg-camera=6;;svg-floorplan=1;;Read more,2022-06-23 15:38:04
49036279,https://www.rightmove.co.uk/properties/49036279#/?channel=RES_BUY,275000.0,v0021_300622,"('Newham', '5E61231')",https://www.rightmove.co.uk/property-for-sale/find.html?locationIdentifier=REGION%5E61231&maxPrice=600000&minPrice=200000&sortType=1&index=168&propertyTypes=bungalow%2Cdetached%2Cflat%2Csemi-detached%2Cterraced&includeSSTC=true&mustHave=&dontShow=retirement&furnishTypes=&keywords=,"Reduced on 16/09/2021 by Marvel & Co, Forest Gate",2022-08-15 19:55:06,"['2 bedroom flat', 'Grade II listed building', 'High ceilings ', 'Newlyrefurbished', 'Beautiful finish']",[],"[{'name': 'Association of Residential Letting Agents', 'imagePath': 'https://media.rightmove.co.uk/dir/customer/industry-affiliation/association-of-residential-lettings-agent_max_135x100.png'}, {'name': 'National Association of Estate Agents', 'imagePath': 'https://media.rightmove.co.uk/dir/customer/industry-affiliation/national-association-of-estate-agents_max_135x100.png'}, {'name': 'Ombudsman for REsale Estate Agents (no OFT logo)', 'imagePath': 'https://media.rightmove.co.uk/dir/customer/industry-affiliation/ombudsman-for-resale-estate-agent_max_135x100.png'}]",[],[],"[{'name': 'Upton Park Station', 'types': ['LONDON_UNDERGROUND'], 'distance': 0.4743683932216359, 'unit': 'miles'}, {'name': 'Woodgrange Park Station', 'types': ['LONDON_OVERGROUND'], 'distance': 0.5864571034377951, 'unit': 'miles'}, {'name': 'East Ham Station', 'types': ['LONDON_UNDERGROUND'], 'distance': 0.6148469416370256, 'unit': 'miles'}]",True,,RES_BUY,[],[],2.0,1.0,BUY,[],,,"[{'title': 'PROPERTY TYPE', 'type': 'PROPERTY_TYPE', 'primaryText': 'Flat', 'secondaryText': '', 'tooltipText': ''}, {'title': 'BEDROOMS', 'type': 'BEDROOMS', 'primaryText': '×2', 'secondaryText': '', 'tooltipText': ''}, {'title': 'BATHROOMS', 'type': 'BATHROOMS', 'primaryText': '×1', 'secondaryText': '', 'tooltipText': ''}]",FLAT,,Flat,False,False,[],,v0021_300622,2022-07-14 15:56:34,True,False,"Marvel 71 are delighted to offer for sale this spacious two bed 1st floor flatpub conversion (The Duke of Fife Public House) located in Forest Gate. Theflat benefits from a kitchen lounge, two bedrooms, and a three piece bathroom.;;; ;;;This flat is only a walking distance from Upton Park and East Ham tubestations (District Line), and close local amenities. Tesco Express is alsonearby. Newly refurbished throughout . ;;; ;;;Bedroom 1: 15.15 ft x 13' 67 ft;;; ;;;Bedroom 2: 9'51 ft x 6'05 ;;; ;;;Bathroom: 6'89 ft x 5'93 ft ;;;;;;Kitchen/Diner: 20'55 ft x 10'54 ft ;;; ;;; ;;;Service charge is £1200 peryear ;;;Ground rent is £150 per year ;;;The property is currently rented withthe tenants on a rolling contract and the rent being paid is £1200 per month",2 bedroom flat,Check out this 2 bedroom flat for sale on Rightmove,"2 bedroom flat for sale in Katherine Road, London, E7 for £275,000. Marketed by Marvel & Co, Forest Gate","2 bedroom flat for sale in Katherine Road, London, E7",2 bedroom flat for sale,"£275,000",,Guide Price,,,,"Katherine Road, London, E7",GB,1767,England,E7,8NW,51.54178,0.03789,0.0,15,APPROXIMATE_POINT,True,/property-for-sale/E7-8NW.html?radius=0.5&minPrice=240000&maxPrice=325000&minBedrooms=2,/house-prices/e7-8nw.html,35945,,False,,True,False,Reduced on 16/09/2021,https://partnerships-broadband.comparethemarket.com/v1/broadband/rightmove/E78NW?apikey=3e560148cb49a9b55ad7262ae5c77d1bec3c9c7bbbb0624f64166bc38cb689ac,EMAIL,020 8012 0422,,,,,LEASEHOLD,140.0,,False,,,,False,False,,,,,,,v0021_300622,2022-07-14 15:56:46,ea_dual,35945,Forest Gate,,Marvel & Co,Marvel & Co,Marvel & Co,iea,"367 Katherine Road,
Forest Gate,
London,
E7 8LT",Standard,20150325,False,2,False,GB,GBP,2,Not Specified,False,7,51.54178,0.03789,False,Long term,,,,,Non-shared ownership,E7 8NW,Resale,275000,Guide Price,49036279,Flat,Flats / Apartments,False,,,False,No Video,Current,https://www.rightmove.co.uk/property-for-sale/properties,,v0021_300622,https://www.rightmove.co.uk/properties/49036279,0.5,Flat,2.0,1.0,,,"[(0.5, 'Upton Park Station', 'svg-underground'), (0.6, 'Woodgrange Park Station', 'svg-overground'), (0.6, 'East Ham Station', 'svg-underground')]",,svg-camera=7;;svg-floorplan=2;;Read more,2022-07-14 15:56:34
49303873,https://www.rightmove.co.uk/properties/49303873#/?channel=RES_BUY,450000.0,v0021_300622,"('Havering', '5E61228')",https://www.rightmove.co.uk/property-for-sale/find.html?locationIdentifier=REGION%5E61228&maxPrice=600000&minPrice=425000&sortType=1&index=240&propertyTypes=bungalow%2Cdetached%2Cflat%2Csemi-detached%2Cterraced&includeSSTC=true&mustHave=&dontShow=retirement&furnishTypes=&keywords=,"Added on 28/03/2022 by MS Estates, Essex",2022-08-14 08:36:54,"['End Terraced ', 'Double Glazed', 'Large Reception & Dining area ', 'Twobathrooms ', 'Good Sized Bedrooms ']",[],"[{'name': 'Association of Residential Letting Agents', 'imagePath': 'https://media.rightmove.co.uk/dir/customer/industry-affiliation/association-of-residential-lettings-agent_max_135x100.png'}, {'name': 'National Association of Estate Agents', 'imagePath': 'https://media.rightmove.co.uk/dir/customer/industry-affiliation/national-association-of-estate-agents_max_135x100.png'}]",[],[],"[{'name': 'Rainham (Essex) Station', 'types': ['NATIONAL_TRAIN'], 'distance': 0.5770403839159927, 'unit': 'miles'}, {'name': 'Dagenham East Station', 'types': ['LONDON_UNDERGROUND'], 'distance': 1.6170540713645374, 'unit': 'miles'}, {'name': 'Dagenham Dock Station', 'types': ['NATIONAL_TRAIN'], 'distance': 1.7652484004641242, 'unit': 'miles'}]",True,,RES_BUY,[],[],3.0,2.0,BUY,['SOLD_STC'],,,"[{'title': 'PROPERTY TYPE', 'type': 'PROPERTY_TYPE', 'primaryText': 'Terraced', 'secondaryText': '', 'tooltipText': ''}, {'title': 'BEDROOMS', 'type': 'BEDROOMS', 'primaryText': '×3', 'secondaryText': '', 'tooltipText': ''}, {'title': 'BATHROOMS', 'type': 'BATHROOMS', 'primaryText': '×2', 'secondaryText': '', 'tooltipText': ''}]",TERRACED,,Terraced,False,False,[],False,v0021_300622,2022-08-14 12:09:07,True,False,"Offered with no onward chain this three bedroom end terraced houseconveniently situated for Rainham C2C station. ;;; ;;;The property offers aspacious through lounge, fitted kitchen with built in appliances i.edishwasher, fridge freezer. UPVC Door to large rear garden. Downstairsbathroom with water closet, water basin & stand up shower. First floor withgood family sized bathroom and three good sized bedrooms. ;;; ;;;This propertywill be great for first times buyer with growing family.",3 bedroom terraced house,Check out this 3 bedroom terraced house for sale on Rightmove,"3 bedroom terraced house for sale in Auckland Avenue, Rainham, Essex, RM13 for £450,000. Marketed by MS Estates, Essex","3 bedroom terraced house for sale in Auckland Avenue, Rainham, Essex, RM13",3 bedroom terraced house for sale,"£450,000",,Guide Price,,,,"Auckland Avenue, Rainham, Essex, RM13",GB,80363194,England,RM13,8JU,51.52488,0.1872,0.0,15,APPROXIMATE_POINT,True,/property-for-sale/RM13-8JU.html?radius=0.5&minPrice=400000&maxPrice=500000&minBedrooms=3,/house-prices/rm13-8ju.html,83081,,False,,True,False,Added on 28/03/2022,https://partnerships-broadband.comparethemarket.com/v1/broadband/rightmove/RM138JU?apikey=bb8303e2a570fc2a7a23672500b7d2089a7b98759508936a38b5d48895ea6c57,EMAIL,020 8012 0195,,,,,FREEHOLD,,,False,,,not specified,False,False,,,,,,,v0021_300622,2022-08-14 12:09:25,ea_dual,83081,Essex,,MS Estates,MS Estates,MS Estates,iea,"525 Gale Street,
Dagenham,
RM9 4TP",Standard,20150409,False,3,False,GB,GBP,0,Not Specified,False,10,51.52488,0.1872,False,Long term,,,,,Non-shared ownership,RM13 8JU,Resale,450000,Guide Price,49303873,Terraced,Houses,False,,,True,No Video,Current,https://www.rightmove.co.uk/property-for-sale/properties,,v0021_300622,https://www.rightmove.co.uk/properties/49303873,0.6,Terraced,3.0,2.0,,,"[(0.6, 'Rainham (Essex) Station', 'svg-nationalrail'), (1.6, 'Dagenham East Station', 'svg-underground'), (1.8, 'Dagenham Dock Station', 'svg-nationalrail')]",,SOLD STC;;svg-camera=10;;Read more,2022-08-14 12:09:07
50134461,https://www.rightmove.co.uk/properties/50134461#/?channel=RES_BUY,275000.0,v0021_300622,"('Hounslow', '5E93962')",https://www.rightmove.co.uk/property-for-sale/find.html?locationIdentifier=REGION%5E93962&maxPrice=600000&minPrice=250000&sortType=1&index=72&propertyTypes=bungalow%2Cdetached%2Cflat%2Csemi-detached%2Cterraced&includeSSTC=true&mustHave=&dontShow=retirement&furnishTypes=&keywords=,"Added on 23/08/2017 by Monarch Residential, Isleworth",2022-08-07 22:29:45,"['Brand New Studio', 'Open Plan Lounge/Bedroom', 'Fitted Kitchen', 'ModernBathroom', 'Allocated Parking', 'Walking Distance to Hounslow High Street','Walking Distance to Hounslow Central Tube Station', 'Walking Distance toHounslow Bus Station', 'Close to Local Schools', 'Close to Local Amenities']",[],[],[],[],"[{'name': 'Hounslow Central Station', 'types': ['LONDON_UNDERGROUND'], 'distance': 0.2521362141723491, 'unit': 'miles'}, {'name': 'Hounslow Station', 'types': ['NATIONAL_TRAIN'], 'distance': 0.4668898134637836, 'unit': 'miles'}, {'name': 'Hounslow East Station', 'types': ['LONDON_UNDERGROUND'], 'distance': 0.6920762283405761, 'unit': 'miles'}]",True,,RES_NEW,"[{'unit': 'ha', 'displayUnit': 'ha.', 'minimumSize': 0, 'maximumSize': 0}, {'unit': 'ac', 'displayUnit': 'ac.', 'minimumSize': 0.01, 'maximumSize': 0.01}, {'unit': 'sqft', 'displayUnit': 'sq. ft.', 'minimumSize': 381, 'maximumSize': 381}, {'unit': 'sqm', 'displayUnit': 'sq. m.', 'minimumSize': 35, 'maximumSize': 35}]",[],,1.0,BUY,['NEW_HOME'],,,"[{'title': 'PROPERTY TYPE', 'type': 'PROPERTY_TYPE', 'primaryText': 'Studio', 'secondaryText': '', 'tooltipText': ''}, {'title': 'BATHROOMS', 'type': 'BATHROOMS', 'primaryText': '×1', 'secondaryText': '', 'tooltipText': ''}, {'title': 'SIZE', 'type': 'SIZE', 'primaryText': '381 sq. ft.', 'secondaryText': '(35 sq. m.)', 'tooltipText': ''}]",UNKNOWN,,Studio,False,False,[],,v0021_300622,2022-07-03 11:49:22,True,False,"A brand new second floor apartment situated in Hounslow Town Centre. Theapartment is a open plan studio plan, with a modern fitted kitchen, separatemodern bathroom and allocated parking space. The development in convenientlywithin walking distance to Hounslow High Street, Hounslow Central TubeStation, Hounslow Bus Station and all other local amenities and schools.Further benefits include a 950 year lease, secure video entry system, daytimeconcierge. The property is ideal for any first time buyer or buy to letinvestor.",Studio flat,Check out this Studio flat for sale on Rightmove,"Studio flat for sale in Trinity Square, Staines Road, Hounslow, TW3 for £275,000. Marketed by Monarch Residential, Isleworth","Studio flat for sale in Trinity Square, Staines Road, Hounslow, TW3",Studio flat for sale,"£275,000",,,£721.78 per sq. ft.,,,"Trinity Square, Staines Road, Hounslow",GB,,England,TW3,3GF,51.46768,-0.3681,0.0,15,APPROXIMATE_POINT,True,/new-homes-for-sale/TW3-3GF.html?radius=0.5&minPrice=240000&maxPrice=325000,/house-prices/tw3-3gf.html,169667,,False,,True,False,Added on 23/08/2017,https://partnerships-broadband.comparethemarket.com/v1/broadband/rightmove/TW33GF?apikey=8d6d4e35b81753de169644f049a7a1462e8a93bbd922a64f13fb9b847d19636a,EMAIL,020 8012 7006,,,,,LEASEHOLD,,,False,,,not specified,False,False,,,,,,,v0021_300622,2022-07-03 11:49:29,ea_dual,169667,Isleworth,,Monarch Residential,Monarch Commercial Ltd,Monarch Residential,iea,"Monarch House,
8 Church Street,
Isleworth,
TW7 6XB",Microsite,20170823,False,0,False,GB,GBP,1,Not Specified,False,7,51.46768,-0.3681,False,Long term,0.0087465564738292,381.0,0.0087465564738292,381.0,Non-shared ownership,TW3 3GF,New Home,275000,None,50134461,Studio,Flats / Apartments,False,,,False,No Video,Current,https://www.rightmove.co.uk/new-homes-for-sale/properties,,v0021_300622,https://www.rightmove.co.uk/properties/50134461,0.3,Studio,,1.0,381 sq. ft.;(35 sq. m.),,"[(0.3, 'Hounslow Central Station', 'svg-underground'), (0.5, 'Hounslow Station', 'svg-nationalrail'), (0.7, 'Hounslow East Station', 'svg-underground')]",Tenure:  Leasehold,NEW HOME;;svg-camera=7;;svg-floorplan=1;;Read more,2022-07-03 11:49:22
50135055,https://www.rightmove.co.uk/properties/50135055#/?channel=RES_BUY,265000.0,v0021_300622,"('Hounslow', '5E93962')",https://www.rightmove.co.uk/property-for-sale/find.html?locationIdentifier=REGION%5E93962&maxPrice=600000&minPrice=250000&sortType=1&index=24&propertyTypes=bungalow%2Cdetached%2Cflat%2Csemi-detached%2Cterraced&includeSSTC=true&mustHave=&dontShow=retirement&furnishTypes=&keywords=,"Added on 23/08/2017 by Monarch Residential, Isleworth",2022-08-07 22:30:10,"['Brand New Studio', 'Open Plan Lounge/Bedroom', 'Fitted Kitchen', 'ModernBathroom', 'Allocated Parking', 'Walking Distance to Hounslow High Street','Walking Distance to Hounslow Central Tube Station', 'Walking Distance toHounslow Bus Station', 'Close to Local Schools', 'Close to Local Amenities']",[],[],[],[],"[{'name': 'Hounslow Central Station', 'types': ['LONDON_UNDERGROUND'], 'distance': 0.2521362141723491, 'unit': 'miles'}, {'name': 'Hounslow Station', 'types': ['NATIONAL_TRAIN'], 'distance': 0.4668898134637836, 'unit': 'miles'}, {'name': 'Hounslow East Station', 'types': ['LONDON_UNDERGROUND'], 'distance': 0.6920762283405761, 'unit': 'miles'}]",True,,RES_BUY,"[{'unit': 'sqft', 'displayUnit': 'sq. ft.', 'minimumSize': 355, 'maximumSize': 355}, {'unit': 'ac', 'displayUnit': 'ac.', 'minimumSize': 0.01, 'maximumSize': 0.01}, {'unit': 'ha', 'displayUnit': 'ha.', 'minimumSize': 0, 'maximumSize': 0}, {'unit': 'sqm', 'displayUnit': 'sq. m.', 'minimumSize': 33, 'maximumSize': 33}]",[],,1.0,BUY,[],,,"[{'title': 'PROPERTY TYPE', 'type': 'PROPERTY_TYPE', 'primaryText': 'Studio', 'secondaryText': '', 'tooltipText': ''}, {'title': 'BATHROOMS', 'type': 'BATHROOMS', 'primaryText': '×1', 'secondaryText': '', 'tooltipText': ''}, {'title': 'SIZE', 'type': 'SIZE', 'primaryText': '355 sq. ft.', 'secondaryText': '(33 sq. m.)', 'tooltipText': ''}]",UNKNOWN,,Studio,False,False,[],,v0021_300622,2022-07-03 10:52:37,True,False,"A brand new second floor apartment situated in Hounslow Town Centre. Theapartment is a open plan studio plan, with a modern fitted kitchen, separatemodern bathroom and allocated parking space. The development in convenientlywithin walking distance to Hounslow High Street, Hounslow Central TubeStation, Hounslow Bus Station and all other local amenities and schools.Further benefits include a 950 year lease, secure video entry system, daytimeconcierge. The property is ideal for any first time buyer or buy to letinvestor.",Studio flat,Check out this Studio flat for sale on Rightmove,"Studio flat for sale in Trinity Square, Staines Road, Hounslow, TW3 for £265,000. Marketed by Monarch Residential, Isleworth","Studio flat for sale in Trinity Square, Staines Road, Hounslow, TW3",Studio flat for sale,"£265,000",,,£746.48 per sq. ft.,,,"Trinity Square, Staines Road, Hounslow",GB,,England,TW3,3GF,51.46768,-0.3681,0.0,15,APPROXIMATE_POINT,True,/property-for-sale/TW3-3GF.html?radius=0.5&minPrice=230000&maxPrice=300000,/house-prices/tw3-3gf.html,169667,,False,,True,False,Added on 23/08/2017,https://partnerships-broadband.comparethemarket.com/v1/broadband/rightmove/TW33GF?apikey=8d6d4e35b81753de169644f049a7a1462e8a93bbd922a64f13fb9b847d19636a,EMAIL,020 8012 7006,,,,,LEASEHOLD,,,False,,,not specified,False,False,,,,,,,v0021_300622,2022-07-03 10:52:43,ea_dual,169667,Isleworth,,Monarch Residential,Monarch Commercial Ltd,Monarch Residential,iea,"Monarch House,
8 Church Street,
Isleworth,
TW7 6XB",Microsite,20170823,False,0,False,GB,GBP,1,Not Specified,False,7,51.46768,-0.3681,False,Long term,0.008149678604224,355.0,0.008149678604224,355.0,Non-shared ownership,TW3 3GF,Resale,265000,None,50135055,Studio,Flats / Apartments,False,,,False,No Video,Current,https://www.rightmove.co.uk/property-for-sale/properties,,v0021_300622,https://www.rightmove.co.uk/properties/50135055,0.3,Studio,,1.0,"355 sq. ft.;(33 sq. m.);TENURE;Leasehold;Describes how you own a property. There are different types of tenure - freehold, leasehold, and commonhold.;Read more;about ;tenure; in our glossary page.",,"[(0.3, 'Hounslow Central Station', 'svg-underground'), (0.5, 'Hounslow Station', 'svg-nationalrail'), (0.7, 'Hounslow East Station', 'svg-underground')]",,svg-camera=7;;svg-floorplan=1;;Read more,2022-07-03 10:52:37
50135445,https://www.rightmove.co.uk/properties/50135445#/?channel=RES_BUY,270000.0,v0021_300622,"('Hounslow', '5E93962')",https://www.rightmove.co.uk/property-for-sale/find.html?locationIdentifier=REGION%5E93962&maxPrice=600000&minPrice=250000&sortType=1&index=48&propertyTypes=bungalow%2Cdetached%2Cflat%2Csemi-detached%2Cterraced&includeSSTC=true&mustHave=&dontShow=retirement&furnishTypes=&keywords=,"Added on 23/08/2017 by Monarch Residential, Isleworth",2022-08-07 22:29:30,"['Brand New Studio', 'Open Plan Lounge/Bedroom', 'Fitted Kitchen', 'ModernBathroom', 'Allocated Parking', 'Walking Distance to Hounslow High Street','Walking Distance to Hounslow Central Tube Station', 'Walking Distance toHounslow Bus Station', 'Close to Local Schools', 'Close to Local Amenities']",[],[],[],[],"[{'name': 'Hounslow Central Station', 'types': ['LONDON_UNDERGROUND'], 'distance': 0.2521362141723491, 'unit': 'miles'}, {'name': 'Hounslow Station', 'types': ['NATIONAL_TRAIN'], 'distance': 0.4668898134637836, 'unit': 'miles'}, {'name': 'Hounslow East Station', 'types': ['LONDON_UNDERGROUND'], 'distance': 0.6920762283405761, 'unit': 'miles'}]",True,,RES_BUY,"[{'unit': 'sqm', 'displayUnit': 'sq. m.', 'minimumSize': 34, 'maximumSize': 34}, {'unit': 'sqft', 'displayUnit': 'sq. ft.', 'minimumSize': 362, 'maximumSize': 362}, {'unit': 'ha', 'displayUnit': 'ha.', 'minimumSize': 0, 'maximumSize': 0}, {'unit': 'ac', 'displayUnit': 'ac.', 'minimumSize': 0.01, 'maximumSize': 0.01}]",[],,1.0,BUY,[],,,"[{'title': 'PROPERTY TYPE', 'type': 'PROPERTY_TYPE', 'primaryText': 'Studio', 'secondaryText': '', 'tooltipText': ''}, {'title': 'BATHROOMS', 'type': 'BATHROOMS', 'primaryText': '×1', 'secondaryText': '', 'tooltipText': ''}, {'title': 'SIZE', 'type': 'SIZE', 'primaryText': '362 sq. ft.', 'secondaryText': '(34 sq. m.)', 'tooltipText': ''}]",UNKNOWN,,Studio,False,False,[],,v0021_300622,2022-07-03 10:50:35,True,False,"A brand new second floor apartment situated in Hounslow Town Centre. Theapartment is a open plan studio plan, with a modern fitted kitchen, separatemodern bathroom and allocated parking space. The development in convenientlywithin walking distance to Hounslow High Street, Hounslow Central TubeStation, Hounslow Bus Station and all other local amenities and schools.Further benefits include a 950 year lease, secure video entry system, daytimeconcierge. The property is ideal for any first time buyer or buy to letinvestor.",Studio flat,Check out this Studio flat for sale on Rightmove,"Studio flat for sale in Trinity Square, Staines Road, Hounslow, TW3 for £270,000. Marketed by Monarch Residential, Isleworth","Studio flat for sale in Trinity Square, Staines Road, Hounslow, TW3",Studio flat for sale,"£270,000",,,£745.86 per sq. ft.,,,"Trinity Square, Staines Road, Hounslow",GB,,England,TW3,3GF,51.46768,-0.3681,0.0,15,APPROXIMATE_POINT,True,/property-for-sale/TW3-3GF.html?radius=0.5&minPrice=240000&maxPrice=300000,/house-prices/tw3-3gf.html,169667,,False,,True,True,Added on 23/08/2017,https://partnerships-broadband.comparethemarket.com/v1/broadband/rightmove/TW33GF?apikey=8d6d4e35b81753de169644f049a7a1462e8a93bbd922a64f13fb9b847d19636a,EMAIL,020 8012 7006,,,,,LEASEHOLD,,,False,,,not specified,False,False,,,,,,,v0021_300622,2022-07-03 10:50:43,ea_dual,169667,Isleworth,,Monarch Residential,Monarch Commercial Ltd,Monarch Residential,iea,"Monarch House,
8 Church Street,
Isleworth,
TW7 6XB",Microsite,20170823,False,0,False,GB,GBP,1,Not Specified,False,7,51.46768,-0.3681,False,Long term,0.0083103764921946,362.0,0.0083103764921946,362.0,Non-shared ownership,TW3 3GF,Resale,270000,None,50135445,Studio,Flats / Apartments,False,,,False,No Video,Current,https://www.rightmove.co.uk/property-for-sale/properties,,v0021_300622,https://www.rightmove.co.uk/properties/50135445,0.3,Studio,,1.0,"362 sq. ft.;(34 sq. m.);TENURE;Leasehold;Describes how you own a property. There are different types of tenure - freehold, leasehold, and commonhold.;Read more;about ;tenure; in our glossary page.",,"[(0.3, 'Hounslow Central Station', 'svg-underground'), (0.5, 'Hounslow Station', 'svg-nationalrail'), (0.7, 'Hounslow East Station', 'svg-underground')]",,svg-camera=7;;svg-floorplan=1;;Read more,2022-07-03 10:50:35
52064391,https://www.rightmove.co.uk/properties/52064391#/?channel=RES_BUY,349950.0,v0021_300622,"('Hounslow', '5E93962')",https://www.rightmove.co.uk/property-for-sale/find.html?locationIdentifier=REGION%5E93962&maxPrice=600000&minPrice=325000&sortType=1&index=96&propertyTypes=bungalow%2Cdetached%2Cflat%2Csemi-detached%2Cterraced&includeSSTC=true&mustHave=&dontShow=retirement&furnishTypes=&keywords=,"Added on 14/12/2017 by Monarch Residential, Isleworth",2022-08-10 15:15:58,"['Two Bedrooms', 'Two Bathrooms (En Suite to Master)', 'Semi Open PlanLounge/Kitchen', 'Fitted Kitchen', 'Private Balcony', '24 Concierge Service','24 Hour ASDA Supermarket', 'Walking Distance to Hounslow High Street','Walking Distance to Hounslow Central Tube Station', 'Walking Distance toHounslow Bus Garage']",[],[],[],[],"[{'name': 'Hounslow Central Station', 'types': ['LONDON_UNDERGROUND'], 'distance': 0.21273414533680693, 'unit': 'miles'}, {'name': 'Hounslow East Station', 'types': ['LONDON_UNDERGROUND'], 'distance': 0.34564945650225487, 'unit': 'miles'}, {'name': 'Hounslow Station', 'types': ['NATIONAL_TRAIN'], 'distance': 0.6095071329796012, 'unit': 'miles'}]",True,,RES_BUY,[],"[{'url': 'https://media.rightmove.co.uk/170k/169667/52064391/169667_102638000261_EPCGRAPH_01_0000.jpg', 'caption': 'EPC 1'}]",2.0,2.0,BUY,[],,,"[{'title': 'PROPERTY TYPE', 'type': 'PROPERTY_TYPE', 'primaryText': 'Apartment', 'secondaryText': '', 'tooltipText': ''}, {'title': 'BEDROOMS', 'type': 'BEDROOMS', 'primaryText': '×2', 'secondaryText': '', 'tooltipText': ''}, {'title': 'BATHROOMS', 'type': 'BATHROOMS', 'primaryText': '×2', 'secondaryText': '', 'tooltipText': ''}]",UNKNOWN,,Apartment,False,False,[],False,v0021_300622,2022-08-18 18:44:10,True,False,"A bright and spacious two bedroom apartment set on the ninth floor in thepopular Blenheim Centre. The property comprises of two good size bedrooms, ensuite shower to master bedroom and a family bathroom, With a semi open planliving room, offering a dinning area, lounge area with a fitted kitchenseparate but still open plan. Off the lounge is a private balcony offeringviews over Hounslow and towards the City.;;;;;;Additional features include a24 hour concierge service, lift, 24 hour ASDA supermarket, walking distanceinto the High Street and also to Hounslow Central tube station and busstation.",2 bedroom apartment,Check out this 2 bedroom apartment for sale on Rightmove,"2 bedroom apartment for sale in The Blenheim Centre, Prince Regent Road, Hounslow, TW3 for £349,950. Marketed by Monarch Residential, Isleworth","2 bedroom apartment for sale in The Blenheim Centre, Prince Regent Road, Hounslow, TW3",2 bedroom apartment for sale,"£349,950",,,,,,"The Blenheim Centre, Prince Regent Road, Hounslow",GB,101869745,England,TW3,1NQ,51.4708,-0.36182,0.0,15,APPROXIMATE_POINT,True,/property-for-sale/TW3-1NQ.html?radius=0.5&minPrice=300000&maxPrice=400000&minBedrooms=2,/house-prices/tw3-1nq.html,169667,,False,,True,True,Added on 14/12/2017,https://partnerships-broadband.comparethemarket.com/v1/broadband/rightmove/TW31NQ?apikey=8bf5536b3545f6fb8ce47f922cf3fc4fa572f9934ddff8b94bf9ef3c3b5a18a9,EMAIL,020 8012 7006,,,,,LEASEHOLD,,,False,,,not specified,False,False,,,,,,,v0021_300622,2022-08-18 18:44:10,ea_dual,169667,Isleworth,,Monarch Residential,Monarch Commercial Ltd,Monarch Residential,iea,"Monarch House,
8 Church Street,
Isleworth,
TW7 6XB",Microsite,20171214,False,2,False,GB,GBP,0,Not Specified,False,1,51.4708,-0.36182,False,Long term,,,,,Non-shared ownership,TW3 1NQ,Resale,349950,None,52064391,Apartment,Flats / Apartments,False,,,False,No Video,Current,https://www.rightmove.co.uk/property-for-sale/properties,,v0021_300622,https://www.rightmove.co.uk/properties/52064391,0.2,Apartment,2.0,2.0,,,"[(0.2, 'Hounslow Central Station', 'svg-underground'), (0.3, 'Hounslow East Station', 'svg-underground'), (0.6, 'Hounslow Station', 'svg-nationalrail')]",,svg-camera=1;;Read more,2022-08-11 20:15:12
52187854,https://www.rightmove.co.uk/properties/52187854#/?channel=RES_BUY,450000.0,v0021_300622,"('Westminster', '5E93980')",https://www.rightmove.co.uk/property-for-sale/find.html?locationIdentifier=REGION%5E93980&maxPrice=600000&minPrice=450000&sortType=1&index=24&propertyTypes=bungalow%2Cdetached%2Cflat%2Csemi-detached%2Cterraced&includeSSTC=true&mustHave=&dontShow=retirement&furnishTypes=&keywords=,"Reduced on 06/06/2022 by Westways, London",2022-08-18 16:12:48,"['Top floor period conversion', 'Separate Living room and kitchen', 'Splitlevel', 'Potential to refurbish and renovate', 'Walking distance to WestbournePark Station', 'Walking distance to Portobello Road']",[],"[{'name': 'Association of Residential Letting Agents', 'imagePath': 'https://media.rightmove.co.uk/dir/customer/industry-affiliation/association-of-residential-lettings-agent_max_135x100.png'}, {'name': 'National Association of Estate Agents', 'imagePath': 'https://media.rightmove.co.uk/dir/customer/industry-affiliation/national-association-of-estate-agents_max_135x100.png'}, {'name': 'Ombudsman for REsale Estate Agents (no OFT logo)', 'imagePath': 'https://media.rightmove.co.uk/dir/customer/industry-affiliation/ombudsman-for-resale-estate-agent_max_135x100.png'}]",[],[],"[{'name': 'Westbourne Park Station', 'types': ['LONDON_UNDERGROUND'], 'distance': 0.4468016182188007, 'unit': 'miles'}, {'name': ""Queen's Park Station"", 'types': ['LONDON_UNDERGROUND', 'LONDON_OVERGROUND'], 'distance': 0.4877550867903865, 'unit': 'miles'}, {'name': 'Kilburn Park Station', 'types': ['LONDON_UNDERGROUND'], 'distance': 0.6653165878795785, 'unit': 'miles'}]",True,,RES_BUY,[],"[{'url': 'https://media.rightmove.co.uk/45k/44562/52187854/44562_101306003279_EPCGRAPH_01_0000.jpg', 'caption': 'EPC 1'}]",1.0,1.0,BUY,[],,,"[{'title': 'PROPERTY TYPE', 'type': 'PROPERTY_TYPE', 'primaryText': 'Apartment', 'secondaryText': '', 'tooltipText': ''}, {'title': 'BEDROOMS', 'type': 'BEDROOMS', 'primaryText': '×1', 'secondaryText': '', 'tooltipText': ''}, {'title': 'BATHROOMS', 'type': 'BATHROOMS', 'primaryText': '×1', 'secondaryText': '', 'tooltipText': ''}]",UNKNOWN,,Apartment,False,False,[],False,v0021_300622,2022-08-18 18:52:18,True,False,"********This top floor, split level period conversion apartment is beingoffered to the market chain free. Benefitting from a full refurbishment around2015, the flat offers a flexible modern layout which balances comfort withclassical features, such as the high ceilings. Currently arranged as a onebed, other apartments on the street have adapted the large footprint to createa two bed home which means this flat has the potential become a dream home fornow and for years to come. Early viewings are strongly recommended. ;;;Photostaken before current tenant moved in. ;;;;;;Situated a short walk away fromboth Queens Park and Westbourne Park Stations, the flat is ideally located foreasy access to a range of transport links linking the flat to all of London.With Portobello Road and Little Venice nearby, the flat is surrounded by avariety of world famous shops, restaurants and cafes to explore and enjoyalongside the nearby green spaces such as the Grand Union Canal Park.;;;",1 bedroom apartment,Check out this 1 bedroom apartment for sale on Rightmove,"1 bedroom apartment for sale in Ashmore Road , Maida Vale W9 for £450,000. Marketed by Westways, London","1 bedroom apartment for sale in Ashmore Road , Maida Vale W9",1 bedroom apartment for sale,"£450,000",,Offers in Excess of,,,,"Ashmore Road , Maida Vale W9",GB,,England,W9,3DG,51.527199,-0.202898,0.0,15,ACCURATE_POINT,True,/property-for-sale/W9-3DG.html?radius=0.5&minPrice=400000&maxPrice=500000&minBedrooms=1,/house-prices/w9-3dg.html,44562,,False,,True,False,Reduced on 06/06/2022,https://partnerships-broadband.comparethemarket.com/v1/broadband/rightmove/W93DG?apikey=d542f90f4488e17dabe4323a8e7b8f62382d3cc06e414d6a8e75c11a7938edf0,EMAIL,020 8012 3003,,,,,LEASEHOLD,,,False,,,not specified,False,False,,,,,,,v0021_300622,2022-08-18 18:52:18,ea_dual,44562,London,,Westways,Westways,Westways,iea,"20 Great Western Road,
London,
W9 3NN",Standard,20151114,False,1,False,GB,GBP,1,Not Specified,False,8,51.527199,-0.202898,False,Long term,,,,,Non-shared ownership,W9 3DG,Resale,450000,Offers in Excess of,52187854,Apartment,Flats / Apartments,False,,,False,No Video,Current,https://www.rightmove.co.uk/property-for-sale/properties,,v0021_300622,https://www.rightmove.co.uk/properties/52187854,0.4,Apartment,1.0,1.0,,,"[(0.4, 'Westbourne Park Station', 'svg-underground'), (0.5, ""Queen's Park Station"", 'svg-underground;svg-overground'), (0.7, 'Kilburn Park Station', 'svg-underground')]",,svg-camera=8;;svg-floorplan=1;;Read more,2022-08-18 18:52:18
52675628,https://www.rightmove.co.uk/properties/52675628#/?channel=RES_BUY,490000.0,v0021_300622,"('Newham', '5E61231')",https://www.rightmove.co.uk/property-for-sale/find.html?locationIdentifier=REGION%5E61231&maxPrice=600000&minPrice=475000&sortType=1&index=120&propertyTypes=bungalow%2Cdetached%2Cflat%2Csemi-detached%2Cterraced&includeSSTC=true&mustHave=&dontShow=retirement&furnishTypes=&keywords=,"Added on 30/11/2016 by Residential London, London",2022-07-16 10:48:34,"['999 year lease', 'Developed by 2 TOP Leading Developers, Listed Oxley & UKBallymore', 'New Vibrant 24/7 Township of future population of 10,000residents', 'Great Rental Yields', '40 Acres of Mixed Use and Residential LedSpace', 'Future Crossrail Station', 'Excellent Links to Canary Wharf and CityAirport', '776 sq feet/ 72 sq m', 'Ground Floor', 'Secure UndergroundParking']",[],[],[],[],"[{'name': 'West Silvertown Station', 'types': ['LIGHT_RAILWAY'], 'distance': 0.21503987682004597, 'unit': 'miles'}, {'name': 'Pontoon Dock Station', 'types': ['LIGHT_RAILWAY'], 'distance': 0.30187125002474013, 'unit': 'miles'}, {'name': 'Emirates Royal Docks Station', 'types': ['CABLE_CAR'], 'distance': 0.5938042978496995, 'unit': 'miles'}]",True,,RES_NEW,[],[],2.0,2.0,BUY,['NEW_HOME'],,,"[{'title': 'PROPERTY TYPE', 'type': 'PROPERTY_TYPE', 'primaryText': 'Flat', 'secondaryText': '', 'tooltipText': ''}, {'title': 'BEDROOMS', 'type': 'BEDROOMS', 'primaryText': '×2', 'secondaryText': '', 'tooltipText': ''}, {'title': 'BATHROOMS', 'type': 'BATHROOMS', 'primaryText': '×2', 'secondaryText': '', 'tooltipText': ''}]",FLAT,,Flat,False,False,[],,v0021_300622,2022-07-16 11:19:23,True,False,"An off plan two bedroom apartment for resale in Thameside House in RoyalWharf, second phase.The property is on the ground floor and is 776 sq feetwith 468 sq.feet terrace. Flat comes with Parking. ;;; ;;;New riversidedevelopment in London,which has over 500 metres of direct south facing riverfrontage. ;;;The development will consist of 3385 homes in total. There willbe sauna, steam room, jacuzzi, gym, 25 m swimming pool on site. ;;; ;;;Thescale of Royal Wharf offers the potential to create a new great estate forLondon. Not only does Royal Wharf offer a stunning south facing riversidepromenade, but also has at its heart a new vibrant high street connectingparks and squares. ;;;There are stunning apartment buildings offeringunrivalled views of the Thames, terraced mansion blocks offering generousfamily sized apartments and a range of townhouses with tall ceilings andstunning private gardens",2 bedroom flat,Check out this 2 bedroom flat for sale on Rightmove,"2 bedroom flat for sale in River View Two Bedroom Off Plan Apartment for Resale in Royal Wharf, London E16 for £490,000. Marketed by Residential London, London","2 bedroom flat for sale in River View Two Bedroom Off Plan Apartment for Resale in Royal Wharf, London E16",2 bedroom flat for sale,"£490,000",,,,,,"River View Two Bedroom Off Plan Apartment for Resale in Royal Wharf, London E16",GB,,England,E16,2BG,51.501114,0.026315,0.0,15,ACCURATE_POINT,True,/new-homes-for-sale/E16-2BG.html?radius=0.5&minPrice=425000&maxPrice=550000&minBedrooms=2,/house-prices/e16-2bg.html,55815,,False,,True,False,Added on 30/11/2016,https://partnerships-broadband.comparethemarket.com/v1/broadband/rightmove/E162BG?apikey=962cb806ff98242d4aa834d609e3f60c80a977b43e981cc3dbb6145d0eaa6d8b,EMAIL,02037 333816,,,,,,,Please confirm if this is a freehold or leasehold property with Residential London,False,,,,False,False,,,,,,,v0021_300622,2022-07-16 11:19:45,ea_sales,55815,London,,Residential London,Residential London Ltd.,Residential London,iea,"1 Berkeley Street,
London,
W1J 8DJ",Standard,20150609,False,2,False,GB,GBP,1,Unfurnished,False,1,51.501114,0.026315,False,Long term,,,,,Non-shared ownership,E16 2BG,New Home,490000,None,52675628,Flat,Flats / Apartments,False,,,False,No Video,Current,https://www.rightmove.co.uk/new-homes-for-sale/properties,,v0021_300622,https://www.rightmove.co.uk/properties/52675628,0.2,Flat,2.0,2.0,,,"[(0.2, 'West Silvertown Station', 'svg-dlr'), (0.3, 'Pontoon Dock Station', 'svg-dlr'), (0.6, 'Emirates Royal Docks Station', 'svg-cablecar')]",,NEW HOME;;svg-camera=1;;svg-floorplan=1;;Read more,2022-07-16 11:19:23
52845963,https://www.rightmove.co.uk/properties/52845963#/?channel=RES_BUY,200000.0,v0021_300622,"('Croydon', '5E93944')",https://www.rightmove.co.uk/property-for-sale/find.html?locationIdentifier=REGION%5E93944&maxPrice=600000&minPrice=200000&sortType=1&propertyTypes=bungalow%2Cdetached%2Cflat%2Csemi-detached%2Cterraced&includeSSTC=true&mustHave=&dontShow=retirement&furnishTypes=&keywords=,"Reduced on 23/01/2019 by Homecastle Estate Agents, South Norwood",2022-08-07 22:25:40,"['CASH BUYERS ONLY', 'Gas Central Heating with Radiators', 'Two BedroomPurpose Built Flat', 'Internal Viewing Recommended', 'Garage (not inspected)','Vendor informs us no onward chain', 'Does require updating', 'In our opinionoffers opportunity & potential', 'Both Selhurst BR & Norwood JunctionBR/Overground Stations serve the area', 'The property is sold with a shortlease - 99 years from the 1st of August 1965']",[],"[{'name': 'Ombudsman for REsale Estate Agents (no OFT logo)', 'imagePath': 'https://media.rightmove.co.uk/dir/customer/industry-affiliation/ombudsman-for-resale-estate-agent_max_135x100.png'}]",[],[],"[{'name': 'Selhurst Station', 'types': ['NATIONAL_TRAIN'], 'distance': 0.6505623506093052, 'unit': 'miles'}, {'name': 'Norwood Junction Station', 'types': ['NATIONAL_TRAIN', 'LONDON_OVERGROUND'], 'distance': 0.09556063565089805, 'unit': 'miles'}, {'name': 'Thornton Heath Station', 'types': ['NATIONAL_TRAIN'], 'distance': 1.0231988729231432, 'unit': 'miles'}]",True,,RES_BUY,[],"[{'url': 'https://media.rightmove.co.uk/55k/54650/52845963/54650_27602653_EPCGRAPH_01_0000.png', 'caption': 'EE Rating'}, {'url': 'https://media.rightmove.co.uk/55k/54650/52845963/54650_27602653_EPCGRAPH_02_0000.png', 'caption': 'EI Rating'}]",2.0,1.0,BUY,[],,,"[{'title': 'PROPERTY TYPE', 'type': 'PROPERTY_TYPE', 'primaryText': 'Flat', 'secondaryText': '', 'tooltipText': ''}, {'title': 'BEDROOMS', 'type': 'BEDROOMS', 'primaryText': '×2', 'secondaryText': '', 'tooltipText': ''}, {'title': 'BATHROOMS', 'type': 'BATHROOMS', 'primaryText': '×1', 'secondaryText': '', 'tooltipText': ''}]",FLAT,,Flat,False,False,[],,v0021_220622,2022-06-26 14:27:27,True,False,"ATTENTION CASH BUYERS! In our opinion opportunity and potential is offered inthis purpose built two bedroom top floor flat which is convenient not only forSelhurst BR Station but also Norwood Junction BR/Overground Station and localbus routes. There is gas central heating with radiators and a garage (notinspected). The vendor informs us that there is no onward chain. Updating isrequired but in our opinion this is reflected in the price. There is a shortlease being 99 years from 1st August 1965, therefore given the current leaseterm this property is not mortgageable and only suitable for cash buyers. Wedo hold on file a lease extension report, please ask for details.;;;;;;Tenure- Leasehold;;;Lease Term - 99 years from 1st August 1965;;;Service Charge -£1,200 per annum (Building Insurance included);;;Ground Rent - £25 perannum;;;Croydon council tax band C: £1230.54;;;;;;",2 bedroom flat,Check out this 2 bedroom flat for sale on Rightmove,"2 bedroom flat for sale in Selhurst Road, London, SE25 for £200,000. Marketed by Homecastle Estate Agents, South Norwood","2 bedroom flat for sale in Selhurst Road, London, SE25",2 bedroom flat for sale,"£200,000",,,,,,"Selhurst Road, London",GB,,England,SE25,6LW,51.39804,-0.076812,0.0,15,ACCURATE_POINT,True,/property-for-sale/SE25-6LW.html?radius=0.5&minPrice=180000&maxPrice=220000&minBedrooms=2,/house-prices/se25-6lw.html,54650,,False,,True,False,Reduced on 23/01/2019,https://partnerships-broadband.comparethemarket.com/v1/broadband/rightmove/SE256LW?apikey=08b177bb3d43700277ee9ec2b16d471d988b4af987559af671c9f49b580a4976,EMAIL,020 8012 2698,,,,,LEASEHOLD,,,False,,,not specified,False,False,,,,,,,v0021_220622,2022-06-26 14:27:29,ea_sales,54650,South Norwood,,Homecastle Estate Agents,Homecastle Estate Agents,Homecastle Estate Agents,iea,"69 High Street,
London,
SE25 6EB",Microsite,20180205,False,2,False,GB,GBP,1,Not Specified,False,8,51.39804,-0.076812,False,Long term,,,,,Non-shared ownership,SE25 6LW,Resale,200000,None,52845963,Flat,Flats / Apartments,False,,,False,No Video,Current,https://www.rightmove.co.uk/property-for-sale/properties,,v0021_220622,https://www.rightmove.co.uk/properties/52845963,0.1,Flat,2.0,1.0,,,"[(0.7, 'Selhurst Station', 'svg-nationalrail'), (0.1, 'Norwood Junction Station', 'svg-nationalrail;svg-overground'), (1.0, 'Thornton Heath Station', 'svg-nationalrail')]",,svg-camera=8;;svg-floorplan=1;;Read more,2022-06-26 14:27:27
52913496,https://www.rightmove.co.uk/properties/52913496#/?channel=RES_BUY,220000.0,v0021_300622,"('Ealing', '5E93947')",https://www.rightmove.co.uk/property-for-sale/find.html?locationIdentifier=REGION%5E93947&maxPrice=600000&minPrice=210000&sortType=1&propertyTypes=bungalow%2Cdetached%2Cflat%2Csemi-detached%2Cterraced&includeSSTC=true&mustHave=&dontShow=retirement&furnishTypes=&keywords=,"Reduced on 09/03/2022 by Brian Cox, Northolt",2022-07-30 23:43:38,"['First Floor', 'Residents Parking', 'Modern Kitchen', 'Communal Gardens','Easy Access To The A40', 'Chain free', 'Suggested Rental Marketing Price -£950 PCM']",[],"[{'name': 'Property Redress Scheme', 'imagePath': 'https://media.rightmove.co.uk/dir/customer/industry-affiliation/property-redress-scheme_max_135x100.png'}]",[],[],"[{'name': 'Northolt Station', 'types': ['LONDON_UNDERGROUND'], 'distance': 0.9459907117581822, 'unit': 'miles'}, {'name': 'South Ruislip Station', 'types': ['NATIONAL_TRAIN', 'LONDON_UNDERGROUND'], 'distance': 1.3808008394660773, 'unit': 'miles'}, {'name': 'Greenford Station', 'types': ['NATIONAL_TRAIN', 'LONDON_UNDERGROUND'], 'distance': 1.5600600625358552, 'unit': 'miles'}]",True,,RES_BUY,[],"[{'url': 'https://media.rightmove.co.uk/51k/50889/52913496/50889_8505855_EPC_01_0000.jpg', 'caption': 'Energy Perform...'}]",1.0,1.0,BUY,['UNDER_OFFER'],,,"[{'title': 'PROPERTY TYPE', 'type': 'PROPERTY_TYPE', 'primaryText': 'Flat', 'secondaryText': '', 'tooltipText': ''}, {'title': 'BEDROOMS', 'type': 'BEDROOMS', 'primaryText': '×1', 'secondaryText': '', 'tooltipText': ''}, {'title': 'BATHROOMS', 'type': 'BATHROOMS', 'primaryText': '×1', 'secondaryText': '', 'tooltipText': ''}]",FLAT,,Flat,False,False,[],,v0021_220622,2022-06-23 15:55:04,True,False,"Brian Cox are pleased to be appointed as sole agents to market this modern onedouble bedroom first floor flat located within a walking distance to NortholtVillage and Central Line Station. The property benefits from double glazing,communal gardens and residents parking.",1 bedroom flat,Check out this 1 bedroom flat for sale on Rightmove,"1 bedroom flat for sale in Makepeace Road, Northolt, UB5 for £220,000. Marketed by Brian Cox, Northolt","1 bedroom flat for sale in Makepeace Road, Northolt, UB5",1 bedroom flat for sale,"£220,000",,Offers in Excess of,,,,"Makepeace Road, Northolt",GB,97719409.0,England,UB5,5UH,51.539383,-0.382239,0.0,15,ACCURATE_POINT,True,/property-for-sale/UB5-5UH.html?radius=0.5&minPrice=190000&maxPrice=250000&minBedrooms=1,/house-prices/ub5-5uh.html,50889,,True,14.0,True,False,Reduced on 09/03/2022,https://partnerships-broadband.comparethemarket.com/v1/broadband/rightmove/UB55UH?apikey=13206c87c88f8f207b756a01cffdd5bf033688f1acb28d8fc1839c13bc96a190,EMAIL,020 8012 4428,,,,,LEASEHOLD,,,False,,,not specified,False,False,,,,,,,v0021_220622,2022-06-23 15:55:04,ea_sales,50889,Northolt,,Brian Cox,Brian Cox,,iea,"171 - 175 Church Road,
Northolt,
UB5 5AG",Microsite,20180210,False,1,False,GB,GBP,1,Not Specified,False,7,51.539383,-0.382239,False,Long term,,,,,Non-shared ownership,UB5 5UH,Resale,220000,Offers in Excess of,52913496,Flat,Flats / Apartments,False,,,False,No Video,Current,https://www.rightmove.co.uk/property-for-sale/properties,,v0021_220622,https://www.rightmove.co.uk/properties/52913496,0.9,Flat,1.0,1.0,,,"[(0.9, 'Northolt Station', 'svg-underground'), (1.4, 'South Ruislip Station', 'svg-nationalrail;svg-underground'), (1.6, 'Greenford Station', 'svg-nationalrail;svg-underground')]",,UNDER OFFER;;svg-camera=7;;svg-floorplan=1;;Read more,2022-06-23 15:55:04
53609433,https://www.rightmove.co.uk/properties/53609433#/?channel=RES_BUY,489995.0,v0021_300622,"('Islington', '5E93965')",https://www.rightmove.co.uk/property-for-sale/find.html?locationIdentifier=REGION%5E93965&maxPrice=600000&minPrice=475000&sortType=1&index=72&propertyTypes=bungalow%2Cdetached%2Cflat%2Csemi-detached%2Cterraced&includeSSTC=true&mustHave=&dontShow=retirement&furnishTypes=&keywords=,"Added on 01/07/2020 by Arlington Estates, London",2022-08-14 08:38:29,"['Prime Location', 'Modern Development', 'Lift Access', 'Spacious Flat: 538 SqFt', 'Ample Storage', 'Leasehold', 'Bright & Airy ', 'Close To LocalAmenities', 'Access to the City', '***Viewing Essential*** Quick SALE Required***']",[],"[{'name': 'Property Redress Scheme', 'imagePath': 'https://media.rightmove.co.uk/dir/customer/industry-affiliation/property-redress-scheme_max_135x100.png'}]",[],[],"[{'name': 'Angel Station', 'types': ['LONDON_UNDERGROUND'], 'distance': 0.08708110610863895, 'unit': 'miles'}, {'name': 'Kings Cross Thameslink Station', 'types': ['NATIONAL_TRAIN'], 'distance': 0.5535472740192853, 'unit': 'miles'}, {'name': ""King's Cross Station"", 'types': ['NATIONAL_TRAIN'], 'distance': 0.7117261739812429, 'unit': 'miles'}]",True,,RES_BUY,"[{'unit': 'sqft', 'displayUnit': 'sq. ft.', 'minimumSize': 538, 'maximumSize': 538}, {'unit': 'ac', 'displayUnit': 'ac.', 'minimumSize': 0.01, 'maximumSize': 0.01}, {'unit': 'sqm', 'displayUnit': 'sq. m.', 'minimumSize': 50, 'maximumSize': 50}, {'unit': 'ha', 'displayUnit': 'ha.', 'minimumSize': 0, 'maximumSize': 0}]","[{'url': 'https://media.rightmove.co.uk/18k/17067/53609433/17067_S134_EPC_00_0000.pdf', 'caption': 'EPC 1'}]",1.0,1.0,BUY,[],,,"[{'title': 'PROPERTY TYPE', 'type': 'PROPERTY_TYPE', 'primaryText': 'Flat', 'secondaryText': '', 'tooltipText': ''}, {'title': 'BEDROOMS', 'type': 'BEDROOMS', 'primaryText': '×1', 'secondaryText': '', 'tooltipText': ''}, {'title': 'BATHROOMS', 'type': 'BATHROOMS', 'primaryText': '×1', 'secondaryText': '', 'tooltipText': ''}, {'title': 'SIZE', 'type': 'SIZE', 'primaryText': '538 sq. ft.', 'secondaryText': '(50 sq. m.)', 'tooltipText': ''}]",FLAT,,Flat,False,False,[],False,v0021_300622,2022-08-15 18:39:38,True,False,"Arlington Estates are proud to present this excellently situated one bedroomflat in the hear of Angel. This spacious property comprises a modern open plankitchen and lounge, double bedroom, bathroom and ample storage in the hallway.The flat also features floor to ceiling windows, wooden flooring in the loungewith carpets in the bedroom. ;;; ;;;The property is a fantastic investmentopportunity. ;;; ;;;Terms: ;;;Tenure: Leasehold ;;;Lease: 125 years from 15April 2008 ;;;Service Charge: Approx £1500 pa ;;;Local Authority: LondonBorough of Islington ;;;Price £489,950 Subject to contract ;;;Total Area: 538Sq Ft / 50 Sq M ;;; ;;;Transport Links: ;;;Zone 1 ;;;Angel Tube Northern Line:2 minutes walk ;;;Old Street: Northern Line: 10 minutes walk ;;;Kings CrossTube (6 lines): 20 minutes walk ;;;Kings Cross Thames Link: 20 minutes walk;;;Kings Cross St Pancras Nationwide Train Links: 20 min walk ;;;Bus Routes tothe City, Angel and West End: 38, 73, 19, 56, N38, N73, 341 and many more;;;St Pancras International Kings Cross: Eurostar: High speed train links toEurope (Paris, Amsterdam & Brussels) ;;; ;;;Local Amenities: ;;;Sainsbury's: 1minutes walk ;;;Cinema: 1 minutes walk ;;;Upper Street: 2 minutes walk;;;Prince Regent Canal: 5 minutes walk ;;; ;;; ;;;** Misrepresentation Act1967 ** These particulars are believed to be correct but their accuracy is notguaranteed nor do they form part of any contract.",1 bedroom flat,Check out this 1 bedroom flat for sale on Rightmove,"1 bedroom flat for sale in White Lion Street, London, N1 for £489,995. Marketed by Arlington Estates, London","1 bedroom flat for sale in White Lion Street, London, N1",1 bedroom flat for sale,"£489,995",,,£910.77 per sq. ft.,,,"White Lion Street, London, N1",GB,998259,England,N1,9PG,51.53262,-0.10786,0.0,15,APPROXIMATE_POINT,True,/property-for-sale/N1-9PG.html?radius=0.5&minPrice=425000&maxPrice=550000&minBedrooms=1,/house-prices/n1-9pg.html,17067,,False,,True,False,Added on 01/07/2020,https://partnerships-broadband.comparethemarket.com/v1/broadband/rightmove/N19PG?apikey=7de42e819b547cf14035ab8de85723dad0ac7fc519578ded145a70cf90e0c53f,EMAIL,020 8012 4126,,,,,LEASEHOLD,113.0,,False,,,not specified,False,False,,,,,,,v0021_300622,2022-08-14 09:37:01,ea_dual,17067,London,,Arlington Estates,Arlington Estates,Arlington Estates,iea,"4b Leroy House,
436 Essex Road,
London,
N1 3QP",Microsite,20180327,False,1,False,GB,GBP,1,Not Specified,False,11,51.53262,-0.10786,False,Long term,0.0123507805325987,538.0,0.0123507805325987,538.0,Non-shared ownership,N1 9PG,Resale,489995,None,53609433,Flat,Flats / Apartments,False,,,False,No Video,Current,https://www.rightmove.co.uk/property-for-sale/properties,,v0021_300622,https://www.rightmove.co.uk/properties/53609433,0.1,Flat,1.0,1.0,"538 sq. ft.;(50 sq. m.);TENURE;Leasehold;Describes how you own a property. There are different types of tenure - freehold, leasehold, and commonhold.;Read more;about ;tenure; in our glossary page.",,"[(0.1, 'Angel Station', 'svg-underground'), (0.6, 'Kings Cross Thameslink Station', 'svg-nationalrail'), (0.7, ""King's Cross Station"", 'svg-nationalrail')]",,svg-camera=11;;svg-floorplan=1;;Read more,2022-08-14 09:36:51
